[12:49:17] --- Session Reset ---
[12:49:18] Step 1   | Risk: 0.0189 | Alert: HEALTHY  | Failure: None            | Air: 300.3 | ProcT: 310.3 | RPM: 1552 | Torque: 38.0 | Wear: 50
[12:49:19] Step 2   | Risk: 0.0189 | Alert: HEALTHY  | Failure: None            | Air: 300.3 | ProcT: 310.3 | RPM: 1547 | Torque: 38.0 | Wear: 50
[12:49:21] Step 3   | Risk: 0.0189 | Alert: HEALTHY  | Failure: None            | Air: 300.3 | ProcT: 310.3 | RPM: 1547 | Torque: 38.0 | Wear: 50
[12:49:23] Step 4   | Risk: 0.0196 | Alert: HEALTHY  | Failure: None            | Air: 300.3 | ProcT: 310.3 | RPM: 1552 | Torque: 38.0 | Wear: 50
[12:49:24] Step 5   | Risk: 0.0194 | Alert: HEALTHY  | Failure: None            | Air: 300.3 | ProcT: 310.3 | RPM: 1549 | Torque: 38.0 | Wear: 50
[12:49:25] Step 6   | Risk: 0.0287 | Alert: HEALTHY  | Failure: None            | Air: 300.4 | ProcT: 310.4 | RPM: 1554 | Torque: 38.0 | Wear: 50
[12:49:27] Step 7   | Risk: 0.0229 | Alert: HEALTHY  | Failure: None            | Air: 300.3 | ProcT: 310.3 | RPM: 1552 | Torque: 38.0 | Wear: 50
[12:49:29] Step 8   | Risk: 0.0251 | Alert: HEALTHY  | Failure: None            | Air: 300.3 | ProcT: 310.4 | RPM: 1553 | Torque: 38.0 | Wear: 51
[12:49:30] Step 9   | Risk: 0.0208 | Alert: HEALTHY  | Failure: None            | Air: 300.3 | ProcT: 310.3 | RPM: 1548 | Torque: 38.0 | Wear: 51
[12:49:31] Step 10  | Risk: 0.0204 | Alert: HEALTHY  | Failure: None            | Air: 300.4 | ProcT: 310.3 | RPM: 1552 | Torque: 38.0 | Wear: 51
[12:49:33] Step 11  | Risk: 0.0200 | Alert: HEALTHY  | Failure: None            | Air: 300.3 | ProcT: 310.3 | RPM: 1545 | Torque: 38.0 | Wear: 51
[12:49:34] Step 12  | Risk: 0.0203 | Alert: HEALTHY  | Failure: None            | Air: 300.3 | ProcT: 310.3 | RPM: 1554 | Torque: 38.0 | Wear: 51
[12:49:35] Step 13  | Risk: 0.0212 | Alert: HEALTHY  | Failure: None            | Air: 300.3 | ProcT: 310.3 | RPM: 1553 | Torque: 38.0 | Wear: 51
[12:49:37] Step 14  | Risk: 0.0205 | Alert: HEALTHY  | Failure: None            | Air: 300.3 | ProcT: 310.3 | RPM: 1554 | Torque: 38.0 | Wear: 51
[12:49:39] Step 15  | Risk: 0.0231 | Alert: HEALTHY  | Failure: None            | Air: 300.4 | ProcT: 310.3 | RPM: 1550 | Torque: 38.0 | Wear: 52
[12:49:41] Step 16  | Risk: 0.0220 | Alert: HEALTHY  | Failure: None            | Air: 300.3 | ProcT: 310.3 | RPM: 1554 | Torque: 38.0 | Wear: 52
[12:49:42] Step 17  | Risk: 0.0245 | Alert: HEALTHY  | Failure: None            | Air: 300.3 | ProcT: 310.4 | RPM: 1545 | Torque: 38.0 | Wear: 52
[12:49:44] Step 18  | Risk: 0.0246 | Alert: HEALTHY  | Failure: None            | Air: 300.4 | ProcT: 310.4 | RPM: 1553 | Torque: 38.0 | Wear: 52
[12:49:45] Step 19  | Risk: 0.0207 | Alert: HEALTHY  | Failure: None            | Air: 300.3 | ProcT: 310.3 | RPM: 1553 | Torque: 38.0 | Wear: 52
[12:49:46] Step 20  | Risk: 0.0205 | Alert: HEALTHY  | Failure: None            | Air: 300.3 | ProcT: 310.3 | RPM: 1551 | Torque: 38.0 | Wear: 52
[12:49:47] Step 21  | Risk: 0.0237 | Alert: HEALTHY  | Failure: None            | Air: 300.3 | ProcT: 310.4 | RPM: 1547 | Torque: 38.0 | Wear: 53
[12:49:48] Step 22  | Risk: 0.0224 | Alert: HEALTHY  | Failure: None            | Air: 300.4 | ProcT: 310.4 | RPM: 1549 | Torque: 38.0 | Wear: 53
[12:49:49] Step 23  | Risk: 0.0207 | Alert: HEALTHY  | Failure: None            | Air: 300.4 | ProcT: 310.3 | RPM: 1554 | Torque: 38.0 | Wear: 53
[12:49:51] Step 24  | Risk: 0.0209 | Alert: HEALTHY  | Failure: None            | Air: 300.3 | ProcT: 310.3 | RPM: 1549 | Torque: 38.0 | Wear: 53
[12:49:52] Step 25  | Risk: 0.0208 | Alert: HEALTHY  | Failure: None            | Air: 300.3 | ProcT: 310.3 | RPM: 1553 | Torque: 38.0 | Wear: 53
[12:49:53] Step 26  | Risk: 0.0200 | Alert: HEALTHY  | Failure: None            | Air: 300.3 | ProcT: 310.3 | RPM: 1551 | Torque: 38.0 | Wear: 53
[12:49:55] Step 27  | Risk: 0.0194 | Alert: HEALTHY  | Failure: None            | Air: 300.3 | ProcT: 310.3 | RPM: 1549 | Torque: 38.0 | Wear: 53
[12:49:56] --- Session Reset ---
[12:49:56] Step 1   | Risk: 0.0181 | Alert: HEALTHY  | Failure: None            | Air: 300.3 | ProcT: 310.4 | RPM: 1550 | Torque: 38.0 | Wear: 54
[12:49:57] Step 2   | Risk: 0.0091 | Alert: HEALTHY  | Failure: None            | Air: 299.7 | ProcT: 308.4 | RPM: 1544 | Torque: 41.1 | Wear: 50
[12:49:58] Step 3   | Risk: 0.6117 | Alert: CRITICAL | Failure: OSF             | Air: 300.3 | ProcT: 310.3 | RPM: 1551 | Torque: 38.0 | Wear: 54
[12:49:59] Step 4   | Risk: 0.5043 | Alert: CRITICAL | Failure: OSF             | Air: 300.3 | ProcT: 311.2 | RPM: 1545 | Torque: 41.5 | Wear: 52
[12:50:00] Step 5   | Risk: 0.2035 | Alert: HEALTHY  | Failure: None            | Air: 300.4 | ProcT: 310.4 | RPM: 1553 | Torque: 38.0 | Wear: 54
[12:50:01] Step 6   | Risk: 0.8136 | Alert: CRITICAL | Failure: OSF             | Air: 300.9 | ProcT: 311.4 | RPM: 1538 | Torque: 41.2 | Wear: 54
[12:50:01] Step 7   | Risk: 0.4084 | Alert: WARNING  | Failure: TWF             | Air: 300.4 | ProcT: 310.3 | RPM: 1550 | Torque: 38.0 | Wear: 54
[12:50:02] Step 8   | Risk: 0.0223 | Alert: HEALTHY  | Failure: None            | Air: 301.6 | ProcT: 309.8 | RPM: 1457 | Torque: 38.5 | Wear: 56
[12:50:03] Step 9   | Risk: 0.1306 | Alert: HEALTHY  | Failure: None            | Air: 300.4 | ProcT: 310.3 | RPM: 1548 | Torque: 38.0 | Wear: 54
[12:50:04] Step 10  | Risk: 0.0655 | Alert: HEALTHY  | Failure: None            | Air: 298.3 | ProcT: 308.9 | RPM: 1510 | Torque: 39.9 | Wear: 58
[12:50:04] Step 11  | Risk: 0.7109 | Alert: CRITICAL | Failure: HDF             | Air: 300.4 | ProcT: 310.4 | RPM: 1552 | Torque: 38.0 | Wear: 54
[12:50:05] Step 12  | Risk: 0.3983 | Alert: WARNING  | Failure: HDF             | Air: 300.4 | ProcT: 310.4 | RPM: 1549 | Torque: 38.0 | Wear: 54
[12:50:05] Step 13  | Risk: 0.0454 | Alert: HEALTHY  | Failure: None            | Air: 300.8 | ProcT: 308.5 | RPM: 1535 | Torque: 40.3 | Wear: 60
[12:50:06] Step 14  | Risk: 0.8103 | Alert: CRITICAL | Failure: TWF             | Air: 301.8 | ProcT: 308.2 | RPM: 1519 | Torque: 41.1 | Wear: 62
[12:50:07] Step 15  | Risk: 0.8685 | Alert: CRITICAL | Failure: OSF             | Air: 300.3 | ProcT: 310.4 | RPM: 1550 | Torque: 38.0 | Wear: 55
[12:50:08] Step 16  | Risk: 0.5011 | Alert: CRITICAL | Failure: TWF             | Air: 300.4 | ProcT: 310.4 | RPM: 1550 | Torque: 38.0 | Wear: 55
[12:50:08] Step 17  | Risk: 0.0777 | Alert: HEALTHY  | Failure: None            | Air: 301.6 | ProcT: 308.3 | RPM: 1491 | Torque: 40.2 | Wear: 64
[12:50:09] Step 18  | Risk: 0.8936 | Alert: CRITICAL | Failure: OSF             | Air: 300.3 | ProcT: 310.4 | RPM: 1549 | Torque: 38.0 | Wear: 55
[12:50:10] Step 19  | Risk: 0.4565 | Alert: WARNING  | Failure: TWF             | Air: 301.8 | ProcT: 308.2 | RPM: 1543 | Torque: 41.3 | Wear: 66
[12:50:10] Step 20  | Risk: 0.9132 | Alert: CRITICAL | Failure: OSF             | Air: 300.4 | ProcT: 310.4 | RPM: 1549 | Torque: 38.0 | Wear: 55
[12:50:11] Step 21  | Risk: 0.4595 | Alert: WARNING  | Failure: TWF             | Air: 298.5 | ProcT: 309.2 | RPM: 1477 | Torque: 40.6 | Wear: 68
[12:50:12] Step 22  | Risk: 0.5925 | Alert: CRITICAL | Failure: HDF             | Air: 300.3 | ProcT: 310.4 | RPM: 1548 | Torque: 38.0 | Wear: 55
[12:50:12] Step 23  | Risk: 0.3470 | Alert: WARNING  | Failure: TWF             | Air: 301.5 | ProcT: 309.1 | RPM: 1499 | Torque: 41.5 | Wear: 70
[12:50:13] Step 24  | Risk: 0.5801 | Alert: CRITICAL | Failure: HDF             | Air: 300.4 | ProcT: 310.4 | RPM: 1551 | Torque: 38.0 | Wear: 55
[12:50:14] Step 25  | Risk: 0.9116 | Alert: CRITICAL | Failure: HDF             | Air: 299.2 | ProcT: 312.0 | RPM: 1380 | Torque: 42.9 | Wear: 78
[12:50:14] Step 26  | Risk: 0.4589 | Alert: WARNING  | Failure: TWF             | Air: 300.4 | ProcT: 310.4 | RPM: 1548 | Torque: 38.0 | Wear: 56
[12:50:15] Step 27  | Risk: 0.9139 | Alert: CRITICAL | Failure: OSF             | Air: 300.2 | ProcT: 312.2 | RPM: 1353 | Torque: 47.5 | Wear: 86
[12:50:15] Step 28  | Risk: 0.4578 | Alert: WARNING  | Failure: TWF             | Air: 300.4 | ProcT: 310.4 | RPM: 1545 | Torque: 38.0 | Wear: 56
[12:50:17] Step 29  | Risk: 0.8190 | Alert: CRITICAL | Failure: HDF             | Air: 299.9 | ProcT: 311.7 | RPM: 1273 | Torque: 54.3 | Wear: 94
[12:50:17] Step 30  | Risk: 0.4118 | Alert: WARNING  | Failure: PWF             | Air: 300.4 | ProcT: 310.4 | RPM: 1551 | Torque: 38.0 | Wear: 56
[12:50:18] Step 31  | Risk: 0.0274 | Alert: HEALTHY  | Failure: None            | Air: 300.4 | ProcT: 310.4 | RPM: 1545 | Torque: 38.0 | Wear: 56
[12:50:18] Step 32  | Risk: 0.9390 | Alert: CRITICAL | Failure: HDF             | Air: 301.3 | ProcT: 311.2 | RPM: 1163 | Torque: 57.8 | Wear: 101
[12:50:20] Step 33  | Risk: 0.4809 | Alert: WARNING  | Failure: PWF             | Air: 300.4 | ProcT: 310.4 | RPM: 1547 | Torque: 38.0 | Wear: 56
[12:50:20] Step 34  | Risk: 0.9980 | Alert: CRITICAL | Failure: HDF             | Air: 302.0 | ProcT: 311.7 | RPM: 1094 | Torque: 62.9 | Wear: 108
[12:50:22] Step 35  | Risk: 0.9965 | Alert: CRITICAL | Failure: TWF             | Air: 302.0 | ProcT: 312.1 | RPM: 1024 | Torque: 66.5 | Wear: 114
[12:50:22] Step 36  | Risk: 0.5021 | Alert: CRITICAL | Failure: PWF             | Air: 300.4 | ProcT: 310.4 | RPM: 1552 | Torque: 38.0 | Wear: 56
[12:50:23] Step 37  | Risk: 0.9999 | Alert: CRITICAL | Failure: HDF             | Air: 302.2 | ProcT: 312.3 | RPM: 949 | Torque: 71.3 | Wear: 120
[12:50:24] Step 38  | Risk: 0.5023 | Alert: CRITICAL | Failure: PWF             | Air: 300.4 | ProcT: 310.4 | RPM: 1553 | Torque: 38.0 | Wear: 56
[12:50:24] Step 39  | Risk: 1.0000 | Alert: CRITICAL | Failure: HDF             | Air: 302.8 | ProcT: 312.7 | RPM: 872 | Torque: 75.6 | Wear: 125
[12:50:25] Step 40  | Risk: 0.5085 | Alert: CRITICAL | Failure: TWF             | Air: 300.4 | ProcT: 310.4 | RPM: 1546 | Torque: 38.0 | Wear: 57
[12:50:26] Step 41  | Risk: 1.0000 | Alert: CRITICAL | Failure: HDF             | Air: 303.0 | ProcT: 313.0 | RPM: 800 | Torque: 80.0 | Wear: 130
[12:50:26] Step 42  | Risk: 0.5085 | Alert: CRITICAL | Failure: TWF             | Air: 300.4 | ProcT: 310.4 | RPM: 1547 | Torque: 38.0 | Wear: 57
[12:50:36] Step 43  | Risk: 0.1238 | Alert: HEALTHY  | Failure: None            | Air: 300.3 | ProcT: 310.3 | RPM: 1552 | Torque: 38.0 | Wear: 50
[12:50:36] Step 44  | Risk: 0.4758 | Alert: HEALTHY  | Failure: None            | Air: 300.3 | ProcT: 310.3 | RPM: 1552 | Torque: 38.0 | Wear: 50
[12:50:37] Step 45  | Risk: 0.2625 | Alert: HEALTHY  | Failure: None            | Air: 300.3 | ProcT: 310.3 | RPM: 1547 | Torque: 38.0 | Wear: 50
[12:50:37] Step 46  | Risk: 0.0337 | Alert: HEALTHY  | Failure: None            | Air: 300.3 | ProcT: 310.3 | RPM: 1547 | Torque: 38.0 | Wear: 50
[12:50:39] Step 47  | Risk: 0.0188 | Alert: HEALTHY  | Failure: None            | Air: 300.3 | ProcT: 310.3 | RPM: 1547 | Torque: 38.0 | Wear: 50
[12:50:39] Step 48  | Risk: 0.0189 | Alert: HEALTHY  | Failure: None            | Air: 300.3 | ProcT: 310.3 | RPM: 1547 | Torque: 38.0 | Wear: 50
[12:50:40] Step 49  | Risk: 0.0198 | Alert: HEALTHY  | Failure: None            | Air: 300.3 | ProcT: 310.3 | RPM: 1552 | Torque: 38.0 | Wear: 50
[12:50:40] Step 50  | Risk: 0.0197 | Alert: HEALTHY  | Failure: None            | Air: 300.3 | ProcT: 310.3 | RPM: 1552 | Torque: 38.0 | Wear: 50
[12:50:41] Step 51  | Risk: 0.0194 | Alert: HEALTHY  | Failure: None            | Air: 300.3 | ProcT: 310.3 | RPM: 1549 | Torque: 38.0 | Wear: 50
[12:50:42] Step 52  | Risk: 0.0190 | Alert: HEALTHY  | Failure: None            | Air: 300.3 | ProcT: 310.3 | RPM: 1549 | Torque: 38.0 | Wear: 50
[12:50:43] Step 53  | Risk: 0.0283 | Alert: HEALTHY  | Failure: None            | Air: 300.4 | ProcT: 310.4 | RPM: 1554 | Torque: 38.0 | Wear: 50
[12:50:43] Step 54  | Risk: 0.0261 | Alert: HEALTHY  | Failure: None            | Air: 300.4 | ProcT: 310.4 | RPM: 1554 | Torque: 38.0 | Wear: 50
[12:50:44] Step 55  | Risk: 0.0205 | Alert: HEALTHY  | Failure: None            | Air: 300.3 | ProcT: 310.3 | RPM: 1552 | Torque: 38.0 | Wear: 50
[12:50:45] Step 56  | Risk: 0.0202 | Alert: HEALTHY  | Failure: None            | Air: 300.3 | ProcT: 310.3 | RPM: 1552 | Torque: 38.0 | Wear: 50
[12:50:46] Step 57  | Risk: 0.0223 | Alert: HEALTHY  | Failure: None            | Air: 300.3 | ProcT: 310.4 | RPM: 1553 | Torque: 38.0 | Wear: 51
[12:50:47] Step 58  | Risk: 0.0203 | Alert: HEALTHY  | Failure: None            | Air: 300.3 | ProcT: 310.4 | RPM: 1553 | Torque: 38.0 | Wear: 51
[12:50:48] Step 59  | Risk: 0.0169 | Alert: HEALTHY  | Failure: None            | Air: 300.3 | ProcT: 310.3 | RPM: 1548 | Torque: 38.0 | Wear: 51
[12:50:49] Step 60  | Risk: 0.0185 | Alert: HEALTHY  | Failure: None            | Air: 300.3 | ProcT: 310.3 | RPM: 1548 | Torque: 38.0 | Wear: 51
[12:50:49] Step 61  | Risk: 0.0215 | Alert: HEALTHY  | Failure: None            | Air: 300.4 | ProcT: 310.3 | RPM: 1552 | Torque: 38.0 | Wear: 51
[12:50:50] Step 62  | Risk: 0.0224 | Alert: HEALTHY  | Failure: None            | Air: 300.4 | ProcT: 310.3 | RPM: 1552 | Torque: 38.0 | Wear: 51
[12:50:51] Step 63  | Risk: 0.0214 | Alert: HEALTHY  | Failure: None            | Air: 300.3 | ProcT: 310.3 | RPM: 1545 | Torque: 38.0 | Wear: 51
[12:50:51] Step 64  | Risk: 0.0205 | Alert: HEALTHY  | Failure: None            | Air: 300.3 | ProcT: 310.3 | RPM: 1545 | Torque: 38.0 | Wear: 51
[12:50:59] --- Session Reset ---
[12:51:01] Step 1   | Risk: 0.0189 | Alert: HEALTHY  | Failure: None            | Air: 300.3 | ProcT: 310.3 | RPM: 1552 | Torque: 38.0 | Wear: 50
[12:51:02] Step 2   | Risk: 0.0189 | Alert: HEALTHY  | Failure: None            | Air: 300.3 | ProcT: 310.3 | RPM: 1547 | Torque: 38.0 | Wear: 50
[12:51:03] Step 3   | Risk: 0.0189 | Alert: HEALTHY  | Failure: None            | Air: 300.3 | ProcT: 310.3 | RPM: 1547 | Torque: 38.0 | Wear: 50
[12:51:05] Step 4   | Risk: 0.0196 | Alert: HEALTHY  | Failure: None            | Air: 300.3 | ProcT: 310.3 | RPM: 1552 | Torque: 38.0 | Wear: 50
[12:51:06] Step 5   | Risk: 0.0194 | Alert: HEALTHY  | Failure: None            | Air: 300.3 | ProcT: 310.3 | RPM: 1549 | Torque: 38.0 | Wear: 50
[12:51:08] Step 6   | Risk: 0.0287 | Alert: HEALTHY  | Failure: None            | Air: 300.4 | ProcT: 310.4 | RPM: 1554 | Torque: 38.0 | Wear: 50
[12:51:09] Step 7   | Risk: 0.0229 | Alert: HEALTHY  | Failure: None            | Air: 300.3 | ProcT: 310.3 | RPM: 1552 | Torque: 38.0 | Wear: 50
[12:51:31] --- Session Reset ---
[12:51:33] Step 1   | Risk: 0.0189 | Alert: HEALTHY  | Failure: None            | Air: 300.3 | ProcT: 310.3 | RPM: 1552 | Torque: 38.0 | Wear: 50
[12:51:34] Step 2   | Risk: 0.0189 | Alert: HEALTHY  | Failure: None            | Air: 300.3 | ProcT: 310.3 | RPM: 1547 | Torque: 38.0 | Wear: 50
[12:51:36] Step 3   | Risk: 0.0189 | Alert: HEALTHY  | Failure: None            | Air: 300.3 | ProcT: 310.3 | RPM: 1547 | Torque: 38.0 | Wear: 50
[12:51:37] Step 4   | Risk: 0.0196 | Alert: HEALTHY  | Failure: None            | Air: 300.3 | ProcT: 310.3 | RPM: 1552 | Torque: 38.0 | Wear: 50
[12:51:39] Step 5   | Risk: 0.0194 | Alert: HEALTHY  | Failure: None            | Air: 300.3 | ProcT: 310.3 | RPM: 1549 | Torque: 38.0 | Wear: 50
[12:51:40] Step 6   | Risk: 0.0287 | Alert: HEALTHY  | Failure: None            | Air: 300.4 | ProcT: 310.4 | RPM: 1554 | Torque: 38.0 | Wear: 50
[12:51:42] Step 7   | Risk: 0.0229 | Alert: HEALTHY  | Failure: None            | Air: 300.3 | ProcT: 310.3 | RPM: 1552 | Torque: 38.0 | Wear: 50
[12:51:43] Step 8   | Risk: 0.0251 | Alert: HEALTHY  | Failure: None            | Air: 300.3 | ProcT: 310.4 | RPM: 1553 | Torque: 38.0 | Wear: 51
[12:51:45] Step 9   | Risk: 0.0208 | Alert: HEALTHY  | Failure: None            | Air: 300.3 | ProcT: 310.3 | RPM: 1548 | Torque: 38.0 | Wear: 51
[12:51:46] Step 10  | Risk: 0.0204 | Alert: HEALTHY  | Failure: None            | Air: 300.4 | ProcT: 310.3 | RPM: 1552 | Torque: 38.0 | Wear: 51
[12:51:47] Step 11  | Risk: 0.0200 | Alert: HEALTHY  | Failure: None            | Air: 300.3 | ProcT: 310.3 | RPM: 1545 | Torque: 38.0 | Wear: 51
[12:51:49] Step 12  | Risk: 0.0203 | Alert: HEALTHY  | Failure: None            | Air: 300.3 | ProcT: 310.3 | RPM: 1554 | Torque: 38.0 | Wear: 51
[12:51:50] Step 13  | Risk: 0.0212 | Alert: HEALTHY  | Failure: None            | Air: 300.3 | ProcT: 310.3 | RPM: 1553 | Torque: 38.0 | Wear: 51
[12:51:52] Step 14  | Risk: 0.0205 | Alert: HEALTHY  | Failure: None            | Air: 300.3 | ProcT: 310.3 | RPM: 1554 | Torque: 38.0 | Wear: 51
[12:51:53] Step 15  | Risk: 0.0231 | Alert: HEALTHY  | Failure: None            | Air: 300.4 | ProcT: 310.3 | RPM: 1550 | Torque: 38.0 | Wear: 52
[12:51:55] Step 16  | Risk: 0.0220 | Alert: HEALTHY  | Failure: None            | Air: 300.3 | ProcT: 310.3 | RPM: 1554 | Torque: 38.0 | Wear: 52
[12:51:56] Step 17  | Risk: 0.0245 | Alert: HEALTHY  | Failure: None            | Air: 300.3 | ProcT: 310.4 | RPM: 1545 | Torque: 38.0 | Wear: 52
[12:51:58] Step 18  | Risk: 0.0246 | Alert: HEALTHY  | Failure: None            | Air: 300.4 | ProcT: 310.4 | RPM: 1553 | Torque: 38.0 | Wear: 52
[12:51:59] Step 19  | Risk: 0.0207 | Alert: HEALTHY  | Failure: None            | Air: 300.3 | ProcT: 310.3 | RPM: 1553 | Torque: 38.0 | Wear: 52
[12:52:01] Step 20  | Risk: 0.0205 | Alert: HEALTHY  | Failure: None            | Air: 300.3 | ProcT: 310.3 | RPM: 1551 | Torque: 38.0 | Wear: 52
[12:52:03] Step 21  | Risk: 0.0237 | Alert: HEALTHY  | Failure: None            | Air: 300.3 | ProcT: 310.4 | RPM: 1547 | Torque: 38.0 | Wear: 53
[12:52:04] Step 22  | Risk: 0.0224 | Alert: HEALTHY  | Failure: None            | Air: 300.4 | ProcT: 310.4 | RPM: 1549 | Torque: 38.0 | Wear: 53
[12:52:05] --- Session Reset ---
[12:52:06] Step 23  | Risk: 0.0207 | Alert: HEALTHY  | Failure: None            | Air: 300.4 | ProcT: 310.3 | RPM: 1554 | Torque: 38.0 | Wear: 53
[12:52:06] Step 1   | Risk: 0.0189 | Alert: HEALTHY  | Failure: None            | Air: 300.3 | ProcT: 310.3 | RPM: 1552 | Torque: 38.0 | Wear: 50
[12:52:08] Step 24  | Risk: 0.0209 | Alert: HEALTHY  | Failure: None            | Air: 300.3 | ProcT: 310.3 | RPM: 1549 | Torque: 38.0 | Wear: 53
[12:52:08] Step 2   | Risk: 0.0189 | Alert: HEALTHY  | Failure: None            | Air: 300.3 | ProcT: 310.3 | RPM: 1547 | Torque: 38.0 | Wear: 50
[12:52:09] Step 3   | Risk: 0.0189 | Alert: HEALTHY  | Failure: None            | Air: 300.3 | ProcT: 310.3 | RPM: 1547 | Torque: 38.0 | Wear: 50
[12:52:09] Step 25  | Risk: 0.0208 | Alert: HEALTHY  | Failure: None            | Air: 300.3 | ProcT: 310.3 | RPM: 1553 | Torque: 38.0 | Wear: 53
[12:52:10] Step 4   | Risk: 0.0196 | Alert: HEALTHY  | Failure: None            | Air: 300.3 | ProcT: 310.3 | RPM: 1552 | Torque: 38.0 | Wear: 50
[12:52:10] Step 26  | Risk: 0.0200 | Alert: HEALTHY  | Failure: None            | Air: 300.3 | ProcT: 310.3 | RPM: 1551 | Torque: 38.0 | Wear: 53
[12:52:12] Step 5   | Risk: 0.0194 | Alert: HEALTHY  | Failure: None            | Air: 300.3 | ProcT: 310.3 | RPM: 1549 | Torque: 38.0 | Wear: 50
[12:52:12] Step 27  | Risk: 0.0194 | Alert: HEALTHY  | Failure: None            | Air: 300.3 | ProcT: 310.3 | RPM: 1549 | Torque: 38.0 | Wear: 53
[12:52:13] Step 6   | Risk: 0.0287 | Alert: HEALTHY  | Failure: None            | Air: 300.4 | ProcT: 310.4 | RPM: 1554 | Torque: 38.0 | Wear: 50
[12:52:14] Step 28  | Risk: 0.0248 | Alert: HEALTHY  | Failure: None            | Air: 300.3 | ProcT: 310.4 | RPM: 1550 | Torque: 38.0 | Wear: 54
[12:52:15] Step 7   | Risk: 0.0229 | Alert: HEALTHY  | Failure: None            | Air: 300.3 | ProcT: 310.3 | RPM: 1552 | Torque: 38.0 | Wear: 50
[12:52:15] Step 29  | Risk: 0.0208 | Alert: HEALTHY  | Failure: None            | Air: 300.3 | ProcT: 310.3 | RPM: 1551 | Torque: 38.0 | Wear: 54
[12:52:16] Step 8   | Risk: 0.0251 | Alert: HEALTHY  | Failure: None            | Air: 300.3 | ProcT: 310.4 | RPM: 1553 | Torque: 38.0 | Wear: 51
[12:52:17] Step 30  | Risk: 0.0291 | Alert: HEALTHY  | Failure: None            | Air: 300.4 | ProcT: 310.4 | RPM: 1553 | Torque: 38.0 | Wear: 54
[12:52:18] Step 9   | Risk: 0.0208 | Alert: HEALTHY  | Failure: None            | Air: 300.3 | ProcT: 310.3 | RPM: 1548 | Torque: 38.0 | Wear: 51
[12:52:19] Step 31  | Risk: 0.0244 | Alert: HEALTHY  | Failure: None            | Air: 300.4 | ProcT: 310.3 | RPM: 1550 | Torque: 38.0 | Wear: 54
[12:52:20] Step 10  | Risk: 0.0204 | Alert: HEALTHY  | Failure: None            | Air: 300.4 | ProcT: 310.3 | RPM: 1552 | Torque: 38.0 | Wear: 51
[12:52:20] Step 32  | Risk: 0.0224 | Alert: HEALTHY  | Failure: None            | Air: 300.4 | ProcT: 310.3 | RPM: 1548 | Torque: 38.0 | Wear: 54
[12:52:21] Step 11  | Risk: 0.0200 | Alert: HEALTHY  | Failure: None            | Air: 300.3 | ProcT: 310.3 | RPM: 1545 | Torque: 38.0 | Wear: 51
[12:52:22] Step 33  | Risk: 0.0300 | Alert: HEALTHY  | Failure: None            | Air: 300.4 | ProcT: 310.4 | RPM: 1552 | Torque: 38.0 | Wear: 54
[12:52:23] Step 34  | Risk: 0.0255 | Alert: HEALTHY  | Failure: None            | Air: 300.4 | ProcT: 310.4 | RPM: 1549 | Torque: 38.0 | Wear: 54
[12:52:23] Step 12  | Risk: 0.0203 | Alert: HEALTHY  | Failure: None            | Air: 300.3 | ProcT: 310.3 | RPM: 1554 | Torque: 38.0 | Wear: 51
[12:52:24] Step 13  | Risk: 0.0212 | Alert: HEALTHY  | Failure: None            | Air: 300.3 | ProcT: 310.3 | RPM: 1553 | Torque: 38.0 | Wear: 51
[12:52:25] Step 35  | Risk: 0.0210 | Alert: HEALTHY  | Failure: None            | Air: 300.3 | ProcT: 310.4 | RPM: 1550 | Torque: 38.0 | Wear: 55
[12:52:26] Step 14  | Risk: 0.0205 | Alert: HEALTHY  | Failure: None            | Air: 300.3 | ProcT: 310.3 | RPM: 1554 | Torque: 38.0 | Wear: 51
[12:52:27] Step 36  | Risk: 0.0227 | Alert: HEALTHY  | Failure: None            | Air: 300.4 | ProcT: 310.4 | RPM: 1550 | Torque: 38.0 | Wear: 55
[12:52:28] Step 15  | Risk: 0.0231 | Alert: HEALTHY  | Failure: None            | Air: 300.4 | ProcT: 310.3 | RPM: 1550 | Torque: 38.0 | Wear: 52
[12:52:28] Step 37  | Risk: 0.0207 | Alert: HEALTHY  | Failure: None            | Air: 300.3 | ProcT: 310.4 | RPM: 1549 | Torque: 38.0 | Wear: 55
[12:52:30] Step 38  | Risk: 0.0208 | Alert: HEALTHY  | Failure: None            | Air: 300.4 | ProcT: 310.4 | RPM: 1549 | Torque: 38.0 | Wear: 55
[12:52:30] Step 16  | Risk: 0.0220 | Alert: HEALTHY  | Failure: None            | Air: 300.3 | ProcT: 310.3 | RPM: 1554 | Torque: 38.0 | Wear: 52
[12:52:31] Step 39  | Risk: 0.0203 | Alert: HEALTHY  | Failure: None            | Air: 300.3 | ProcT: 310.4 | RPM: 1548 | Torque: 38.0 | Wear: 55
[12:52:31] Step 17  | Risk: 0.0245 | Alert: HEALTHY  | Failure: None            | Air: 300.3 | ProcT: 310.4 | RPM: 1545 | Torque: 38.0 | Wear: 52
[12:52:32] Step 40  | Risk: 0.0213 | Alert: HEALTHY  | Failure: None            | Air: 300.4 | ProcT: 310.4 | RPM: 1551 | Torque: 38.0 | Wear: 55
[12:52:33] Step 18  | Risk: 0.0246 | Alert: HEALTHY  | Failure: None            | Air: 300.4 | ProcT: 310.4 | RPM: 1553 | Torque: 38.0 | Wear: 52
[12:52:33] Step 41  | Risk: 0.0226 | Alert: HEALTHY  | Failure: None            | Air: 300.4 | ProcT: 310.4 | RPM: 1548 | Torque: 38.0 | Wear: 56
[12:52:35] Step 19  | Risk: 0.0207 | Alert: HEALTHY  | Failure: None            | Air: 300.3 | ProcT: 310.3 | RPM: 1553 | Torque: 38.0 | Wear: 52
[12:52:35] Step 42  | Risk: 0.0217 | Alert: HEALTHY  | Failure: None            | Air: 300.4 | ProcT: 310.4 | RPM: 1545 | Torque: 38.0 | Wear: 56
[12:52:36] Step 20  | Risk: 0.0205 | Alert: HEALTHY  | Failure: None            | Air: 300.3 | ProcT: 310.3 | RPM: 1551 | Torque: 38.0 | Wear: 52
[12:52:36] Step 43  | Risk: 0.0234 | Alert: HEALTHY  | Failure: None            | Air: 300.4 | ProcT: 310.4 | RPM: 1551 | Torque: 38.0 | Wear: 56
[12:52:37] Step 21  | Risk: 0.0237 | Alert: HEALTHY  | Failure: None            | Air: 300.3 | ProcT: 310.4 | RPM: 1547 | Torque: 38.0 | Wear: 53
[12:52:37] Step 44  | Risk: 0.0218 | Alert: HEALTHY  | Failure: None            | Air: 300.4 | ProcT: 310.4 | RPM: 1545 | Torque: 38.0 | Wear: 56
[12:52:38] Step 22  | Risk: 0.0224 | Alert: HEALTHY  | Failure: None            | Air: 300.4 | ProcT: 310.4 | RPM: 1549 | Torque: 38.0 | Wear: 53
[12:52:39] Step 45  | Risk: 0.0207 | Alert: HEALTHY  | Failure: None            | Air: 300.4 | ProcT: 310.4 | RPM: 1547 | Torque: 38.0 | Wear: 56
[12:52:40] Step 23  | Risk: 0.0207 | Alert: HEALTHY  | Failure: None            | Air: 300.4 | ProcT: 310.3 | RPM: 1554 | Torque: 38.0 | Wear: 53
[12:52:41] Step 46  | Risk: 0.0216 | Alert: HEALTHY  | Failure: None            | Air: 300.4 | ProcT: 310.4 | RPM: 1552 | Torque: 38.0 | Wear: 56
[12:52:41] Step 24  | Risk: 0.0209 | Alert: HEALTHY  | Failure: None            | Air: 300.3 | ProcT: 310.3 | RPM: 1549 | Torque: 38.0 | Wear: 53
[12:52:42] Step 47  | Risk: 0.0216 | Alert: HEALTHY  | Failure: None            | Air: 300.4 | ProcT: 310.4 | RPM: 1553 | Torque: 38.0 | Wear: 56
[12:52:42] Step 25  | Risk: 0.0208 | Alert: HEALTHY  | Failure: None            | Air: 300.3 | ProcT: 310.3 | RPM: 1553 | Torque: 38.0 | Wear: 53
[12:52:44] Step 48  | Risk: 0.0212 | Alert: HEALTHY  | Failure: None            | Air: 300.4 | ProcT: 310.4 | RPM: 1546 | Torque: 38.0 | Wear: 57
[12:52:44] Step 26  | Risk: 0.0200 | Alert: HEALTHY  | Failure: None            | Air: 300.3 | ProcT: 310.3 | RPM: 1551 | Torque: 38.0 | Wear: 53
[12:52:45] Step 49  | Risk: 0.0208 | Alert: HEALTHY  | Failure: None            | Air: 300.4 | ProcT: 310.4 | RPM: 1547 | Torque: 38.0 | Wear: 57
[12:52:45] Step 27  | Risk: 0.0194 | Alert: HEALTHY  | Failure: None            | Air: 300.3 | ProcT: 310.3 | RPM: 1549 | Torque: 38.0 | Wear: 53
[12:52:46] Step 50  | Risk: 0.0216 | Alert: HEALTHY  | Failure: None            | Air: 300.4 | ProcT: 310.4 | RPM: 1552 | Torque: 38.0 | Wear: 57
[12:52:47] Step 28  | Risk: 0.0248 | Alert: HEALTHY  | Failure: None            | Air: 300.3 | ProcT: 310.4 | RPM: 1550 | Torque: 38.0 | Wear: 54
[12:52:48] Step 51  | Risk: 0.0244 | Alert: HEALTHY  | Failure: None            | Air: 300.5 | ProcT: 310.4 | RPM: 1547 | Torque: 38.0 | Wear: 57
[12:52:48] Step 29  | Risk: 0.0208 | Alert: HEALTHY  | Failure: None            | Air: 300.3 | ProcT: 310.3 | RPM: 1551 | Torque: 38.0 | Wear: 54
[12:52:50] Step 30  | Risk: 0.0291 | Alert: HEALTHY  | Failure: None            | Air: 300.4 | ProcT: 310.4 | RPM: 1553 | Torque: 38.0 | Wear: 54
[12:52:50] Step 52  | Risk: 0.0235 | Alert: HEALTHY  | Failure: None            | Air: 300.4 | ProcT: 310.4 | RPM: 1550 | Torque: 38.0 | Wear: 57
[12:52:51] Step 31  | Risk: 0.0244 | Alert: HEALTHY  | Failure: None            | Air: 300.4 | ProcT: 310.3 | RPM: 1550 | Torque: 38.0 | Wear: 54
[12:52:51] Step 53  | Risk: 0.0224 | Alert: HEALTHY  | Failure: None            | Air: 300.4 | ProcT: 310.4 | RPM: 1549 | Torque: 38.0 | Wear: 57
[12:52:52] Step 32  | Risk: 0.0224 | Alert: HEALTHY  | Failure: None            | Air: 300.4 | ProcT: 310.3 | RPM: 1548 | Torque: 38.0 | Wear: 54
[12:52:53] Step 54  | Risk: 0.0222 | Alert: HEALTHY  | Failure: None            | Air: 300.4 | ProcT: 310.4 | RPM: 1549 | Torque: 38.0 | Wear: 57
[12:52:54] Step 33  | Risk: 0.0300 | Alert: HEALTHY  | Failure: None            | Air: 300.4 | ProcT: 310.4 | RPM: 1552 | Torque: 38.0 | Wear: 54
[12:52:55] Step 55  | Risk: 0.0235 | Alert: HEALTHY  | Failure: None            | Air: 300.5 | ProcT: 310.4 | RPM: 1547 | Torque: 38.0 | Wear: 58
[12:52:55] Step 34  | Risk: 0.0255 | Alert: HEALTHY  | Failure: None            | Air: 300.4 | ProcT: 310.4 | RPM: 1549 | Torque: 38.0 | Wear: 54
[12:52:56] Step 56  | Risk: 0.0235 | Alert: HEALTHY  | Failure: None            | Air: 300.4 | ProcT: 310.4 | RPM: 1554 | Torque: 38.0 | Wear: 58
[12:52:56] Step 35  | Risk: 0.0210 | Alert: HEALTHY  | Failure: None            | Air: 300.3 | ProcT: 310.4 | RPM: 1550 | Torque: 38.0 | Wear: 55
[12:52:58] Step 36  | Risk: 0.0227 | Alert: HEALTHY  | Failure: None            | Air: 300.4 | ProcT: 310.4 | RPM: 1550 | Torque: 38.0 | Wear: 55
[12:52:58] Step 57  | Risk: 0.0308 | Alert: HEALTHY  | Failure: None            | Air: 300.5 | ProcT: 310.5 | RPM: 1546 | Torque: 38.0 | Wear: 58
[12:53:00] Step 58  | Risk: 0.0251 | Alert: HEALTHY  | Failure: None            | Air: 300.4 | ProcT: 310.4 | RPM: 1549 | Torque: 38.0 | Wear: 58
[12:53:00] Step 37  | Risk: 0.0207 | Alert: HEALTHY  | Failure: None            | Air: 300.3 | ProcT: 310.4 | RPM: 1549 | Torque: 38.0 | Wear: 55
[12:53:01] Step 59  | Risk: 0.0211 | Alert: HEALTHY  | Failure: None            | Air: 300.4 | ProcT: 310.4 | RPM: 1546 | Torque: 38.0 | Wear: 58
[12:53:01] Step 38  | Risk: 0.0208 | Alert: HEALTHY  | Failure: None            | Air: 300.4 | ProcT: 310.4 | RPM: 1549 | Torque: 38.0 | Wear: 55
[12:53:02] Step 60  | Risk: 0.0229 | Alert: HEALTHY  | Failure: None            | Air: 300.4 | ProcT: 310.4 | RPM: 1551 | Torque: 38.0 | Wear: 58
[12:53:02] Step 39  | Risk: 0.0203 | Alert: HEALTHY  | Failure: None            | Air: 300.3 | ProcT: 310.4 | RPM: 1548 | Torque: 38.0 | Wear: 55
[12:53:04] Step 61  | Risk: 0.0215 | Alert: HEALTHY  | Failure: None            | Air: 300.4 | ProcT: 310.4 | RPM: 1545 | Torque: 38.0 | Wear: 59
[12:53:04] Step 40  | Risk: 0.0213 | Alert: HEALTHY  | Failure: None            | Air: 300.4 | ProcT: 310.4 | RPM: 1551 | Torque: 38.0 | Wear: 55
[12:53:05] Step 62  | Risk: 0.0314 | Alert: HEALTHY  | Failure: None            | Air: 300.5 | ProcT: 310.5 | RPM: 1549 | Torque: 38.0 | Wear: 59
[12:53:06] Step 41  | Risk: 0.0226 | Alert: HEALTHY  | Failure: None            | Air: 300.4 | ProcT: 310.4 | RPM: 1548 | Torque: 38.0 | Wear: 56
[12:53:07] Step 42  | Risk: 0.0217 | Alert: HEALTHY  | Failure: None            | Air: 300.4 | ProcT: 310.4 | RPM: 1545 | Torque: 38.0 | Wear: 56
[12:53:07] Step 63  | Risk: 0.0288 | Alert: HEALTHY  | Failure: None            | Air: 300.5 | ProcT: 310.5 | RPM: 1547 | Torque: 38.0 | Wear: 59
[12:53:08] Step 43  | Risk: 0.0234 | Alert: HEALTHY  | Failure: None            | Air: 300.4 | ProcT: 310.4 | RPM: 1551 | Torque: 38.0 | Wear: 56
[12:53:09] Step 64  | Risk: 0.0260 | Alert: HEALTHY  | Failure: None            | Air: 300.5 | ProcT: 310.5 | RPM: 1546 | Torque: 38.0 | Wear: 59
[12:53:10] Step 44  | Risk: 0.0218 | Alert: HEALTHY  | Failure: None            | Air: 300.4 | ProcT: 310.4 | RPM: 1545 | Torque: 38.0 | Wear: 56
[12:53:11] Step 65  | Risk: 0.0225 | Alert: HEALTHY  | Failure: None            | Air: 300.4 | ProcT: 310.4 | RPM: 1548 | Torque: 38.0 | Wear: 59
[12:53:11] Step 45  | Risk: 0.0207 | Alert: HEALTHY  | Failure: None            | Air: 300.4 | ProcT: 310.4 | RPM: 1547 | Torque: 38.0 | Wear: 56
[12:53:12] Step 66  | Risk: 0.0271 | Alert: HEALTHY  | Failure: None            | Air: 300.5 | ProcT: 310.5 | RPM: 1547 | Torque: 38.0 | Wear: 59
[12:53:13] Step 46  | Risk: 0.0216 | Alert: HEALTHY  | Failure: None            | Air: 300.4 | ProcT: 310.4 | RPM: 1552 | Torque: 38.0 | Wear: 56
[12:53:14] Step 67  | Risk: 0.0251 | Alert: HEALTHY  | Failure: None            | Air: 300.5 | ProcT: 310.5 | RPM: 1549 | Torque: 38.0 | Wear: 59
[12:53:14] Step 47  | Risk: 0.0216 | Alert: HEALTHY  | Failure: None            | Air: 300.4 | ProcT: 310.4 | RPM: 1553 | Torque: 38.0 | Wear: 56
[12:53:15] Step 68  | Risk: 0.0223 | Alert: HEALTHY  | Failure: None            | Air: 300.4 | ProcT: 310.5 | RPM: 1550 | Torque: 38.0 | Wear: 60
[12:53:16] Step 48  | Risk: 0.0212 | Alert: HEALTHY  | Failure: None            | Air: 300.4 | ProcT: 310.4 | RPM: 1546 | Torque: 38.0 | Wear: 57
[12:53:17] Step 69  | Risk: 0.0219 | Alert: HEALTHY  | Failure: None            | Air: 300.5 | ProcT: 310.4 | RPM: 1552 | Torque: 38.0 | Wear: 60
[12:53:17] Step 49  | Risk: 0.0208 | Alert: HEALTHY  | Failure: None            | Air: 300.4 | ProcT: 310.4 | RPM: 1547 | Torque: 38.0 | Wear: 57
[12:53:18] Step 70  | Risk: 0.0225 | Alert: HEALTHY  | Failure: None            | Air: 300.5 | ProcT: 310.4 | RPM: 1547 | Torque: 38.0 | Wear: 60
[12:53:19] Step 50  | Risk: 0.0216 | Alert: HEALTHY  | Failure: None            | Air: 300.4 | ProcT: 310.4 | RPM: 1552 | Torque: 38.0 | Wear: 57
[12:53:19] Step 71  | Risk: 0.0228 | Alert: HEALTHY  | Failure: None            | Air: 300.5 | ProcT: 310.4 | RPM: 1546 | Torque: 38.0 | Wear: 60
[12:53:20] Step 51  | Risk: 0.0244 | Alert: HEALTHY  | Failure: None            | Air: 300.5 | ProcT: 310.4 | RPM: 1547 | Torque: 38.0 | Wear: 57
[12:53:20] Step 72  | Risk: 0.0252 | Alert: HEALTHY  | Failure: None            | Air: 300.5 | ProcT: 310.4 | RPM: 1548 | Torque: 38.0 | Wear: 60
[12:53:22] Step 52  | Risk: 0.0235 | Alert: HEALTHY  | Failure: None            | Air: 300.4 | ProcT: 310.4 | RPM: 1550 | Torque: 38.0 | Wear: 57
[12:53:22] Step 73  | Risk: 0.0291 | Alert: HEALTHY  | Failure: None            | Air: 300.4 | ProcT: 310.5 | RPM: 1554 | Torque: 38.0 | Wear: 60
[12:53:24] Step 53  | Risk: 0.0224 | Alert: HEALTHY  | Failure: None            | Air: 300.4 | ProcT: 310.4 | RPM: 1549 | Torque: 38.0 | Wear: 57
[12:53:24] Step 74  | Risk: 0.0273 | Alert: HEALTHY  | Failure: None            | Air: 300.5 | ProcT: 310.5 | RPM: 1548 | Torque: 38.0 | Wear: 60
[12:53:25] Step 75  | Risk: 0.0252 | Alert: HEALTHY  | Failure: None            | Air: 300.5 | ProcT: 310.5 | RPM: 1546 | Torque: 38.0 | Wear: 61
[12:53:25] Step 54  | Risk: 0.0222 | Alert: HEALTHY  | Failure: None            | Air: 300.4 | ProcT: 310.4 | RPM: 1549 | Torque: 38.0 | Wear: 57
[12:53:27] Step 55  | Risk: 0.0235 | Alert: HEALTHY  | Failure: None            | Air: 300.5 | ProcT: 310.4 | RPM: 1547 | Torque: 38.0 | Wear: 58
[12:53:27] Step 76  | Risk: 0.0241 | Alert: HEALTHY  | Failure: None            | Air: 300.4 | ProcT: 310.5 | RPM: 1554 | Torque: 38.0 | Wear: 61
[12:53:29] Step 56  | Risk: 0.0235 | Alert: HEALTHY  | Failure: None            | Air: 300.4 | ProcT: 310.4 | RPM: 1554 | Torque: 38.0 | Wear: 58
[12:53:29] Step 77  | Risk: 0.0220 | Alert: HEALTHY  | Failure: None            | Air: 300.5 | ProcT: 310.4 | RPM: 1552 | Torque: 38.0 | Wear: 61
[12:53:30] Step 78  | Risk: 0.0274 | Alert: HEALTHY  | Failure: None            | Air: 300.5 | ProcT: 310.5 | RPM: 1545 | Torque: 38.0 | Wear: 61
[12:53:30] Step 57  | Risk: 0.0308 | Alert: HEALTHY  | Failure: None            | Air: 300.5 | ProcT: 310.5 | RPM: 1546 | Torque: 38.0 | Wear: 58
[12:53:32] Step 79  | Risk: 0.0255 | Alert: HEALTHY  | Failure: None            | Air: 300.5 | ProcT: 310.5 | RPM: 1547 | Torque: 38.0 | Wear: 61
[12:53:32] Step 58  | Risk: 0.0251 | Alert: HEALTHY  | Failure: None            | Air: 300.4 | ProcT: 310.4 | RPM: 1549 | Torque: 38.0 | Wear: 58
[12:53:33] Step 80  | Risk: 0.0253 | Alert: HEALTHY  | Failure: None            | Air: 300.5 | ProcT: 310.5 | RPM: 1548 | Torque: 38.0 | Wear: 61
[12:53:33] Step 59  | Risk: 0.0211 | Alert: HEALTHY  | Failure: None            | Air: 300.4 | ProcT: 310.4 | RPM: 1546 | Torque: 38.0 | Wear: 58
[12:53:34] Step 81  | Risk: 0.0239 | Alert: HEALTHY  | Failure: None            | Air: 300.4 | ProcT: 310.5 | RPM: 1547 | Torque: 38.0 | Wear: 62
[12:53:34] Step 60  | Risk: 0.0229 | Alert: HEALTHY  | Failure: None            | Air: 300.4 | ProcT: 310.4 | RPM: 1551 | Torque: 38.0 | Wear: 58
[12:53:36] Step 61  | Risk: 0.0215 | Alert: HEALTHY  | Failure: None            | Air: 300.4 | ProcT: 310.4 | RPM: 1545 | Torque: 38.0 | Wear: 59
[12:53:36] Step 82  | Risk: 0.0199 | Alert: HEALTHY  | Failure: None            | Air: 300.4 | ProcT: 310.4 | RPM: 1547 | Torque: 38.0 | Wear: 62
[12:53:37] Step 62  | Risk: 0.0314 | Alert: HEALTHY  | Failure: None            | Air: 300.5 | ProcT: 310.5 | RPM: 1549 | Torque: 38.0 | Wear: 59
[12:53:37] --- Session Reset ---
[12:53:38] Step 83  | Risk: 0.0250 | Alert: HEALTHY  | Failure: None            | Air: 300.4 | ProcT: 310.5 | RPM: 1547 | Torque: 38.0 | Wear: 62
[12:53:38] Step 63  | Risk: 0.0288 | Alert: HEALTHY  | Failure: None            | Air: 300.5 | ProcT: 310.5 | RPM: 1547 | Torque: 38.0 | Wear: 59
[12:53:39] Step 1   | Risk: 0.0189 | Alert: HEALTHY  | Failure: None            | Air: 300.3 | ProcT: 310.3 | RPM: 1552 | Torque: 38.0 | Wear: 50
[12:53:39] Step 84  | Risk: 0.0240 | Alert: HEALTHY  | Failure: None            | Air: 300.5 | ProcT: 310.5 | RPM: 1545 | Torque: 38.0 | Wear: 62
[12:53:40] Step 2   | Risk: 0.0189 | Alert: HEALTHY  | Failure: None            | Air: 300.3 | ProcT: 310.3 | RPM: 1547 | Torque: 38.0 | Wear: 50
[12:53:40] Step 64  | Risk: 0.0260 | Alert: HEALTHY  | Failure: None            | Air: 300.5 | ProcT: 310.5 | RPM: 1546 | Torque: 38.0 | Wear: 59
[12:53:41] Step 85  | Risk: 0.0258 | Alert: HEALTHY  | Failure: None            | Air: 300.5 | ProcT: 310.5 | RPM: 1550 | Torque: 38.0 | Wear: 62
[12:53:41] Step 65  | Risk: 0.0225 | Alert: HEALTHY  | Failure: None            | Air: 300.4 | ProcT: 310.4 | RPM: 1548 | Torque: 38.0 | Wear: 59
[12:53:42] Step 3   | Risk: 0.0189 | Alert: HEALTHY  | Failure: None            | Air: 300.3 | ProcT: 310.3 | RPM: 1547 | Torque: 38.0 | Wear: 50
[12:53:43] Step 66  | Risk: 0.0271 | Alert: HEALTHY  | Failure: None            | Air: 300.5 | ProcT: 310.5 | RPM: 1547 | Torque: 38.0 | Wear: 59
[12:53:43] Step 86  | Risk: 0.0264 | Alert: HEALTHY  | Failure: None            | Air: 300.5 | ProcT: 310.5 | RPM: 1546 | Torque: 38.0 | Wear: 62
[12:53:43] Step 4   | Risk: 0.0196 | Alert: HEALTHY  | Failure: None            | Air: 300.3 | ProcT: 310.3 | RPM: 1552 | Torque: 38.0 | Wear: 50
[12:53:44] Step 87  | Risk: 0.0264 | Alert: HEALTHY  | Failure: None            | Air: 300.5 | ProcT: 310.5 | RPM: 1554 | Torque: 38.0 | Wear: 62
[12:53:44] Step 67  | Risk: 0.0251 | Alert: HEALTHY  | Failure: None            | Air: 300.5 | ProcT: 310.5 | RPM: 1549 | Torque: 38.0 | Wear: 59
[12:53:45] Step 5   | Risk: 0.0194 | Alert: HEALTHY  | Failure: None            | Air: 300.3 | ProcT: 310.3 | RPM: 1549 | Torque: 38.0 | Wear: 50
[12:53:46] Step 88  | Risk: 0.0249 | Alert: HEALTHY  | Failure: None            | Air: 300.5 | ProcT: 310.5 | RPM: 1550 | Torque: 38.0 | Wear: 63
[12:53:46] Step 68  | Risk: 0.0223 | Alert: HEALTHY  | Failure: None            | Air: 300.4 | ProcT: 310.5 | RPM: 1550 | Torque: 38.0 | Wear: 60
[12:53:47] Step 6   | Risk: 0.0287 | Alert: HEALTHY  | Failure: None            | Air: 300.4 | ProcT: 310.4 | RPM: 1554 | Torque: 38.0 | Wear: 50
[12:53:47] Step 69  | Risk: 0.0219 | Alert: HEALTHY  | Failure: None            | Air: 300.5 | ProcT: 310.4 | RPM: 1552 | Torque: 38.0 | Wear: 60
[12:53:48] Step 89  | Risk: 0.0230 | Alert: HEALTHY  | Failure: None            | Air: 300.5 | ProcT: 310.5 | RPM: 1548 | Torque: 38.0 | Wear: 63
[12:53:48] Step 7   | Risk: 0.0229 | Alert: HEALTHY  | Failure: None            | Air: 300.3 | ProcT: 310.3 | RPM: 1552 | Torque: 38.0 | Wear: 50
[12:53:49] Step 70  | Risk: 0.0225 | Alert: HEALTHY  | Failure: None            | Air: 300.5 | ProcT: 310.4 | RPM: 1547 | Torque: 38.0 | Wear: 60
[12:53:49] Step 90  | Risk: 0.0228 | Alert: HEALTHY  | Failure: None            | Air: 300.5 | ProcT: 310.5 | RPM: 1548 | Torque: 38.0 | Wear: 63
[12:53:50] Step 8   | Risk: 0.0251 | Alert: HEALTHY  | Failure: None            | Air: 300.3 | ProcT: 310.4 | RPM: 1553 | Torque: 38.0 | Wear: 51
[12:53:50] Step 71  | Risk: 0.0228 | Alert: HEALTHY  | Failure: None            | Air: 300.5 | ProcT: 310.4 | RPM: 1546 | Torque: 38.0 | Wear: 60
[12:53:50] Step 91  | Risk: 0.0226 | Alert: HEALTHY  | Failure: None            | Air: 300.5 | ProcT: 310.5 | RPM: 1547 | Torque: 38.0 | Wear: 63
[12:53:51] Step 9   | Risk: 0.0208 | Alert: HEALTHY  | Failure: None            | Air: 300.3 | ProcT: 310.3 | RPM: 1548 | Torque: 38.0 | Wear: 51
[12:53:52] Step 72  | Risk: 0.0252 | Alert: HEALTHY  | Failure: None            | Air: 300.5 | ProcT: 310.4 | RPM: 1548 | Torque: 38.0 | Wear: 60
[12:53:52] Step 92  | Risk: 0.0231 | Alert: HEALTHY  | Failure: None            | Air: 300.5 | ProcT: 310.5 | RPM: 1550 | Torque: 38.0 | Wear: 63
[12:53:53] Step 10  | Risk: 0.0204 | Alert: HEALTHY  | Failure: None            | Air: 300.4 | ProcT: 310.3 | RPM: 1552 | Torque: 38.0 | Wear: 51
[12:53:53] Step 93  | Risk: 0.0237 | Alert: HEALTHY  | Failure: None            | Air: 300.5 | ProcT: 310.5 | RPM: 1553 | Torque: 38.0 | Wear: 63
[12:53:53] Step 73  | Risk: 0.0291 | Alert: HEALTHY  | Failure: None            | Air: 300.4 | ProcT: 310.5 | RPM: 1554 | Torque: 38.0 | Wear: 60
[12:53:54] Step 11  | Risk: 0.0200 | Alert: HEALTHY  | Failure: None            | Air: 300.3 | ProcT: 310.3 | RPM: 1545 | Torque: 38.0 | Wear: 51
[12:53:55] Step 94  | Risk: 0.0232 | Alert: HEALTHY  | Failure: None            | Air: 300.5 | ProcT: 310.5 | RPM: 1548 | Torque: 38.0 | Wear: 63
[12:53:55] Step 74  | Risk: 0.0273 | Alert: HEALTHY  | Failure: None            | Air: 300.5 | ProcT: 310.5 | RPM: 1548 | Torque: 38.0 | Wear: 60
[12:53:56] Step 12  | Risk: 0.0203 | Alert: HEALTHY  | Failure: None            | Air: 300.3 | ProcT: 310.3 | RPM: 1554 | Torque: 38.0 | Wear: 51
[12:53:56] Step 95  | Risk: 0.0231 | Alert: HEALTHY  | Failure: None            | Air: 300.5 | ProcT: 310.5 | RPM: 1548 | Torque: 38.0 | Wear: 64
[12:53:56] Step 75  | Risk: 0.0252 | Alert: HEALTHY  | Failure: None            | Air: 300.5 | ProcT: 310.5 | RPM: 1546 | Torque: 38.0 | Wear: 61
[12:53:57] Step 13  | Risk: 0.0212 | Alert: HEALTHY  | Failure: None            | Air: 300.3 | ProcT: 310.3 | RPM: 1553 | Torque: 38.0 | Wear: 51
[12:53:58] Step 96  | Risk: 0.0228 | Alert: HEALTHY  | Failure: None            | Air: 300.5 | ProcT: 310.5 | RPM: 1545 | Torque: 38.0 | Wear: 64
[12:53:58] Step 76  | Risk: 0.0241 | Alert: HEALTHY  | Failure: None            | Air: 300.4 | ProcT: 310.5 | RPM: 1554 | Torque: 38.0 | Wear: 61
[12:53:59] Step 97  | Risk: 0.0241 | Alert: HEALTHY  | Failure: None            | Air: 300.5 | ProcT: 310.5 | RPM: 1553 | Torque: 38.0 | Wear: 64
[12:53:59] Step 14  | Risk: 0.0205 | Alert: HEALTHY  | Failure: None            | Air: 300.3 | ProcT: 310.3 | RPM: 1554 | Torque: 38.0 | Wear: 51
[12:54:00] Step 77  | Risk: 0.0220 | Alert: HEALTHY  | Failure: None            | Air: 300.5 | ProcT: 310.4 | RPM: 1552 | Torque: 38.0 | Wear: 61
[12:54:00] Step 98  | Risk: 0.0239 | Alert: HEALTHY  | Failure: None            | Air: 300.5 | ProcT: 310.5 | RPM: 1550 | Torque: 38.0 | Wear: 64
[12:54:01] Step 15  | Risk: 0.0231 | Alert: HEALTHY  | Failure: None            | Air: 300.4 | ProcT: 310.3 | RPM: 1550 | Torque: 38.0 | Wear: 52
[12:54:01] Step 78  | Risk: 0.0274 | Alert: HEALTHY  | Failure: None            | Air: 300.5 | ProcT: 310.5 | RPM: 1545 | Torque: 38.0 | Wear: 61
[12:54:02] Step 99  | Risk: 0.0269 | Alert: HEALTHY  | Failure: None            | Air: 300.6 | ProcT: 310.5 | RPM: 1547 | Torque: 38.0 | Wear: 64
[12:54:02] Step 16  | Risk: 0.0220 | Alert: HEALTHY  | Failure: None            | Air: 300.3 | ProcT: 310.3 | RPM: 1554 | Torque: 38.0 | Wear: 52
[12:54:02] Step 79  | Risk: 0.0255 | Alert: HEALTHY  | Failure: None            | Air: 300.5 | ProcT: 310.5 | RPM: 1547 | Torque: 38.0 | Wear: 61
[12:54:03] Step 100 | Risk: 0.0256 | Alert: HEALTHY  | Failure: None            | Air: 300.5 | ProcT: 310.5 | RPM: 1546 | Torque: 38.0 | Wear: 64
[12:54:03] Step 17  | Risk: 0.0245 | Alert: HEALTHY  | Failure: None            | Air: 300.3 | ProcT: 310.4 | RPM: 1545 | Torque: 38.0 | Wear: 52
[12:54:04] Step 80  | Risk: 0.0253 | Alert: HEALTHY  | Failure: None            | Air: 300.5 | ProcT: 310.5 | RPM: 1548 | Torque: 38.0 | Wear: 61
[12:54:04] Step 101 | Risk: 0.0245 | Alert: HEALTHY  | Failure: None            | Air: 300.5 | ProcT: 310.5 | RPM: 1546 | Torque: 38.0 | Wear: 65
[12:54:05] Step 18  | Risk: 0.0246 | Alert: HEALTHY  | Failure: None            | Air: 300.4 | ProcT: 310.4 | RPM: 1553 | Torque: 38.0 | Wear: 52
[12:54:05] Step 102 | Risk: 0.0244 | Alert: HEALTHY  | Failure: None            | Air: 300.5 | ProcT: 310.5 | RPM: 1545 | Torque: 38.0 | Wear: 65
[12:54:06] Step 81  | Risk: 0.0239 | Alert: HEALTHY  | Failure: None            | Air: 300.4 | ProcT: 310.5 | RPM: 1547 | Torque: 38.0 | Wear: 62
[12:54:07] Step 19  | Risk: 0.0207 | Alert: HEALTHY  | Failure: None            | Air: 300.3 | ProcT: 310.3 | RPM: 1553 | Torque: 38.0 | Wear: 52
[12:54:07] Step 103 | Risk: 0.0293 | Alert: HEALTHY  | Failure: None            | Air: 300.5 | ProcT: 310.6 | RPM: 1550 | Torque: 38.0 | Wear: 65
[12:54:07] Step 82  | Risk: 0.0199 | Alert: HEALTHY  | Failure: None            | Air: 300.4 | ProcT: 310.4 | RPM: 1547 | Torque: 38.0 | Wear: 62
[12:54:08] Step 104 | Risk: 0.0249 | Alert: HEALTHY  | Failure: None            | Air: 300.5 | ProcT: 310.5 | RPM: 1552 | Torque: 38.0 | Wear: 65
[12:54:08] Step 83  | Risk: 0.0250 | Alert: HEALTHY  | Failure: None            | Air: 300.4 | ProcT: 310.5 | RPM: 1547 | Torque: 38.0 | Wear: 62
[12:54:08] Step 20  | Risk: 0.0205 | Alert: HEALTHY  | Failure: None            | Air: 300.3 | ProcT: 310.3 | RPM: 1551 | Torque: 38.0 | Wear: 52
[12:54:09] Step 105 | Risk: 0.0297 | Alert: HEALTHY  | Failure: None            | Air: 300.5 | ProcT: 310.6 | RPM: 1553 | Torque: 38.0 | Wear: 65
[12:54:10] Step 84  | Risk: 0.0240 | Alert: HEALTHY  | Failure: None            | Air: 300.5 | ProcT: 310.5 | RPM: 1545 | Torque: 38.0 | Wear: 62
[12:54:10] Step 21  | Risk: 0.0237 | Alert: HEALTHY  | Failure: None            | Air: 300.3 | ProcT: 310.4 | RPM: 1547 | Torque: 38.0 | Wear: 53
[12:54:11] Step 106 | Risk: 0.0243 | Alert: HEALTHY  | Failure: None            | Air: 300.5 | ProcT: 310.5 | RPM: 1545 | Torque: 38.0 | Wear: 65
[12:54:11] Step 85  | Risk: 0.0258 | Alert: HEALTHY  | Failure: None            | Air: 300.5 | ProcT: 310.5 | RPM: 1550 | Torque: 38.0 | Wear: 62
[12:54:11] Step 22  | Risk: 0.0224 | Alert: HEALTHY  | Failure: None            | Air: 300.4 | ProcT: 310.4 | RPM: 1549 | Torque: 38.0 | Wear: 53
[12:54:12] Step 86  | Risk: 0.0264 | Alert: HEALTHY  | Failure: None            | Air: 300.5 | ProcT: 310.5 | RPM: 1546 | Torque: 38.0 | Wear: 62
[12:54:12] Step 107 | Risk: 0.0307 | Alert: HEALTHY  | Failure: None            | Air: 300.6 | ProcT: 310.6 | RPM: 1546 | Torque: 38.0 | Wear: 65
[12:54:13] Step 23  | Risk: 0.0207 | Alert: HEALTHY  | Failure: None            | Air: 300.4 | ProcT: 310.3 | RPM: 1554 | Torque: 38.0 | Wear: 53
[12:54:13] Step 87  | Risk: 0.0264 | Alert: HEALTHY  | Failure: None            | Air: 300.5 | ProcT: 310.5 | RPM: 1554 | Torque: 38.0 | Wear: 62
[12:54:14] Step 108 | Risk: 0.0260 | Alert: HEALTHY  | Failure: None            | Air: 300.5 | ProcT: 310.5 | RPM: 1551 | Torque: 38.0 | Wear: 66
[12:54:14] Step 24  | Risk: 0.0209 | Alert: HEALTHY  | Failure: None            | Air: 300.3 | ProcT: 310.3 | RPM: 1549 | Torque: 38.0 | Wear: 53
[12:54:15] Step 88  | Risk: 0.0249 | Alert: HEALTHY  | Failure: None            | Air: 300.5 | ProcT: 310.5 | RPM: 1550 | Torque: 38.0 | Wear: 63
[12:54:15] Step 109 | Risk: 0.0265 | Alert: HEALTHY  | Failure: None            | Air: 300.6 | ProcT: 310.5 | RPM: 1547 | Torque: 38.0 | Wear: 66
[12:54:16] Step 25  | Risk: 0.0208 | Alert: HEALTHY  | Failure: None            | Air: 300.3 | ProcT: 310.3 | RPM: 1553 | Torque: 38.0 | Wear: 53
[12:54:17] Step 89  | Risk: 0.0230 | Alert: HEALTHY  | Failure: None            | Air: 300.5 | ProcT: 310.5 | RPM: 1548 | Torque: 38.0 | Wear: 63
[12:54:17] Step 26  | Risk: 0.0200 | Alert: HEALTHY  | Failure: None            | Air: 300.3 | ProcT: 310.3 | RPM: 1551 | Torque: 38.0 | Wear: 53
[12:54:17] Step 110 | Risk: 0.0263 | Alert: HEALTHY  | Failure: None            | Air: 300.5 | ProcT: 310.5 | RPM: 1550 | Torque: 38.0 | Wear: 66
[12:54:18] Step 90  | Risk: 0.0228 | Alert: HEALTHY  | Failure: None            | Air: 300.5 | ProcT: 310.5 | RPM: 1548 | Torque: 38.0 | Wear: 63
[12:54:18] Step 27  | Risk: 0.0194 | Alert: HEALTHY  | Failure: None            | Air: 300.3 | ProcT: 310.3 | RPM: 1549 | Torque: 38.0 | Wear: 53
[12:54:19] Step 111 | Risk: 0.0264 | Alert: HEALTHY  | Failure: None            | Air: 300.6 | ProcT: 310.5 | RPM: 1552 | Torque: 38.0 | Wear: 66
[12:54:20] Step 91  | Risk: 0.0226 | Alert: HEALTHY  | Failure: None            | Air: 300.5 | ProcT: 310.5 | RPM: 1547 | Torque: 38.0 | Wear: 63
[12:54:20] Step 28  | Risk: 0.0248 | Alert: HEALTHY  | Failure: None            | Air: 300.3 | ProcT: 310.4 | RPM: 1550 | Torque: 38.0 | Wear: 54
[12:54:21] Step 112 | Risk: 0.0364 | Alert: HEALTHY  | Failure: None            | Air: 300.6 | ProcT: 310.6 | RPM: 1553 | Torque: 38.0 | Wear: 66
[12:54:21] Step 92  | Risk: 0.0231 | Alert: HEALTHY  | Failure: None            | Air: 300.5 | ProcT: 310.5 | RPM: 1550 | Torque: 38.0 | Wear: 63
[12:54:22] Step 29  | Risk: 0.0208 | Alert: HEALTHY  | Failure: None            | Air: 300.3 | ProcT: 310.3 | RPM: 1551 | Torque: 38.0 | Wear: 54
[12:54:22] Step 113 | Risk: 0.0292 | Alert: HEALTHY  | Failure: None            | Air: 300.6 | ProcT: 310.5 | RPM: 1545 | Torque: 38.0 | Wear: 66
[12:54:23] Step 93  | Risk: 0.0237 | Alert: HEALTHY  | Failure: None            | Air: 300.5 | ProcT: 310.5 | RPM: 1553 | Torque: 38.0 | Wear: 63
[12:54:23] Step 114 | Risk: 0.0328 | Alert: HEALTHY  | Failure: None            | Air: 300.5 | ProcT: 310.6 | RPM: 1554 | Torque: 38.0 | Wear: 66
[12:54:23] Step 30  | Risk: 0.0291 | Alert: HEALTHY  | Failure: None            | Air: 300.4 | ProcT: 310.4 | RPM: 1553 | Torque: 38.0 | Wear: 54
[12:54:25] Step 94  | Risk: 0.0232 | Alert: HEALTHY  | Failure: None            | Air: 300.5 | ProcT: 310.5 | RPM: 1548 | Torque: 38.0 | Wear: 63
[12:54:25] Step 31  | Risk: 0.0244 | Alert: HEALTHY  | Failure: None            | Air: 300.4 | ProcT: 310.3 | RPM: 1550 | Torque: 38.0 | Wear: 54
[12:54:25] Step 115 | Risk: 0.0277 | Alert: HEALTHY  | Failure: None            | Air: 300.6 | ProcT: 310.5 | RPM: 1549 | Torque: 38.0 | Wear: 67
[12:54:26] Step 116 | Risk: 0.0319 | Alert: HEALTHY  | Failure: None            | Air: 300.6 | ProcT: 310.6 | RPM: 1552 | Torque: 38.0 | Wear: 67
[12:54:26] Step 95  | Risk: 0.0231 | Alert: HEALTHY  | Failure: None            | Air: 300.5 | ProcT: 310.5 | RPM: 1548 | Torque: 38.0 | Wear: 64
[12:54:26] Step 32  | Risk: 0.0224 | Alert: HEALTHY  | Failure: None            | Air: 300.4 | ProcT: 310.3 | RPM: 1548 | Torque: 38.0 | Wear: 54
[12:54:28] Step 117 | Risk: 0.0297 | Alert: HEALTHY  | Failure: None            | Air: 300.6 | ProcT: 310.6 | RPM: 1549 | Torque: 38.0 | Wear: 67
[12:54:28] Step 96  | Risk: 0.0228 | Alert: HEALTHY  | Failure: None            | Air: 300.5 | ProcT: 310.5 | RPM: 1545 | Torque: 38.0 | Wear: 64
[12:54:28] Step 33  | Risk: 0.0300 | Alert: HEALTHY  | Failure: None            | Air: 300.4 | ProcT: 310.4 | RPM: 1552 | Torque: 38.0 | Wear: 54
[12:54:29] Step 97  | Risk: 0.0241 | Alert: HEALTHY  | Failure: None            | Air: 300.5 | ProcT: 310.5 | RPM: 1553 | Torque: 38.0 | Wear: 64
[12:54:30] Step 34  | Risk: 0.0255 | Alert: HEALTHY  | Failure: None            | Air: 300.4 | ProcT: 310.4 | RPM: 1549 | Torque: 38.0 | Wear: 54
[12:54:30] Step 118 | Risk: 0.0247 | Alert: HEALTHY  | Failure: None            | Air: 300.6 | ProcT: 310.5 | RPM: 1545 | Torque: 38.0 | Wear: 67
[12:54:31] Step 35  | Risk: 0.0210 | Alert: HEALTHY  | Failure: None            | Air: 300.3 | ProcT: 310.4 | RPM: 1550 | Torque: 38.0 | Wear: 55
[12:54:31] Step 98  | Risk: 0.0239 | Alert: HEALTHY  | Failure: None            | Air: 300.5 | ProcT: 310.5 | RPM: 1550 | Torque: 38.0 | Wear: 64
[12:54:31] Step 119 | Risk: 0.0254 | Alert: HEALTHY  | Failure: None            | Air: 300.6 | ProcT: 310.5 | RPM: 1545 | Torque: 38.0 | Wear: 67
[12:54:32] Step 99  | Risk: 0.0269 | Alert: HEALTHY  | Failure: None            | Air: 300.6 | ProcT: 310.5 | RPM: 1547 | Torque: 38.0 | Wear: 64
[12:54:32] Step 36  | Risk: 0.0227 | Alert: HEALTHY  | Failure: None            | Air: 300.4 | ProcT: 310.4 | RPM: 1550 | Torque: 38.0 | Wear: 55
[12:54:32] Step 120 | Risk: 0.0309 | Alert: HEALTHY  | Failure: None            | Air: 300.6 | ProcT: 310.6 | RPM: 1550 | Torque: 38.0 | Wear: 67
[12:54:33] Step 100 | Risk: 0.0256 | Alert: HEALTHY  | Failure: None            | Air: 300.5 | ProcT: 310.5 | RPM: 1546 | Torque: 38.0 | Wear: 64
[12:54:34] Step 37  | Risk: 0.0207 | Alert: HEALTHY  | Failure: None            | Air: 300.3 | ProcT: 310.4 | RPM: 1549 | Torque: 38.0 | Wear: 55
[12:54:34] Step 121 | Risk: 0.0292 | Alert: HEALTHY  | Failure: None            | Air: 300.6 | ProcT: 310.6 | RPM: 1554 | Torque: 38.0 | Wear: 68
[12:54:34] Step 101 | Risk: 0.0245 | Alert: HEALTHY  | Failure: None            | Air: 300.5 | ProcT: 310.5 | RPM: 1546 | Torque: 38.0 | Wear: 65
[12:54:35] Step 38  | Risk: 0.0208 | Alert: HEALTHY  | Failure: None            | Air: 300.4 | ProcT: 310.4 | RPM: 1549 | Torque: 38.0 | Wear: 55
[12:54:35] Step 122 | Risk: 0.0282 | Alert: HEALTHY  | Failure: None            | Air: 300.6 | ProcT: 310.6 | RPM: 1553 | Torque: 38.0 | Wear: 68
[12:54:36] Step 102 | Risk: 0.0244 | Alert: HEALTHY  | Failure: None            | Air: 300.5 | ProcT: 310.5 | RPM: 1545 | Torque: 38.0 | Wear: 65
[12:54:37] Step 123 | Risk: 0.0271 | Alert: HEALTHY  | Failure: None            | Air: 300.6 | ProcT: 310.6 | RPM: 1546 | Torque: 38.0 | Wear: 68
[12:54:37] Step 39  | Risk: 0.0203 | Alert: HEALTHY  | Failure: None            | Air: 300.3 | ProcT: 310.4 | RPM: 1548 | Torque: 38.0 | Wear: 55
[12:54:38] Step 103 | Risk: 0.0293 | Alert: HEALTHY  | Failure: None            | Air: 300.5 | ProcT: 310.6 | RPM: 1550 | Torque: 38.0 | Wear: 65
[12:54:38] Step 124 | Risk: 0.0246 | Alert: HEALTHY  | Failure: None            | Air: 300.5 | ProcT: 310.6 | RPM: 1552 | Torque: 38.0 | Wear: 68
[12:54:39] Step 40  | Risk: 0.0213 | Alert: HEALTHY  | Failure: None            | Air: 300.4 | ProcT: 310.4 | RPM: 1551 | Torque: 38.0 | Wear: 55
[12:54:40] Step 104 | Risk: 0.0249 | Alert: HEALTHY  | Failure: None            | Air: 300.5 | ProcT: 310.5 | RPM: 1552 | Torque: 38.0 | Wear: 65
[12:54:40] Step 41  | Risk: 0.0226 | Alert: HEALTHY  | Failure: None            | Air: 300.4 | ProcT: 310.4 | RPM: 1548 | Torque: 38.0 | Wear: 56
[12:54:40] Step 125 | Risk: 0.0222 | Alert: HEALTHY  | Failure: None            | Air: 300.6 | ProcT: 310.5 | RPM: 1551 | Torque: 38.0 | Wear: 68
[12:54:41] Step 42  | Risk: 0.0217 | Alert: HEALTHY  | Failure: None            | Air: 300.4 | ProcT: 310.4 | RPM: 1545 | Torque: 38.0 | Wear: 56
[12:54:41] Step 105 | Risk: 0.0297 | Alert: HEALTHY  | Failure: None            | Air: 300.5 | ProcT: 310.6 | RPM: 1553 | Torque: 38.0 | Wear: 65
[12:54:41] Step 126 | Risk: 0.0303 | Alert: HEALTHY  | Failure: None            | Air: 300.6 | ProcT: 310.6 | RPM: 1546 | Torque: 38.0 | Wear: 68
[12:54:42] Step 43  | Risk: 0.0234 | Alert: HEALTHY  | Failure: None            | Air: 300.4 | ProcT: 310.4 | RPM: 1551 | Torque: 38.0 | Wear: 56
[12:54:43] Step 127 | Risk: 0.0287 | Alert: HEALTHY  | Failure: None            | Air: 300.6 | ProcT: 310.6 | RPM: 1553 | Torque: 38.0 | Wear: 68
[12:54:43] Step 106 | Risk: 0.0243 | Alert: HEALTHY  | Failure: None            | Air: 300.5 | ProcT: 310.5 | RPM: 1545 | Torque: 38.0 | Wear: 65
[12:54:44] Step 44  | Risk: 0.0218 | Alert: HEALTHY  | Failure: None            | Air: 300.4 | ProcT: 310.4 | RPM: 1545 | Torque: 38.0 | Wear: 56
[12:54:44] Step 128 | Risk: 0.0284 | Alert: HEALTHY  | Failure: None            | Air: 300.6 | ProcT: 310.6 | RPM: 1550 | Torque: 38.0 | Wear: 69
[12:54:45] Step 107 | Risk: 0.0307 | Alert: HEALTHY  | Failure: None            | Air: 300.6 | ProcT: 310.6 | RPM: 1546 | Torque: 38.0 | Wear: 65
[12:54:46] Step 45  | Risk: 0.0207 | Alert: HEALTHY  | Failure: None            | Air: 300.4 | ProcT: 310.4 | RPM: 1547 | Torque: 38.0 | Wear: 56
[12:54:46] Step 129 | Risk: 0.0275 | Alert: HEALTHY  | Failure: None            | Air: 300.6 | ProcT: 310.6 | RPM: 1549 | Torque: 38.0 | Wear: 69
[12:54:47] Step 108 | Risk: 0.0260 | Alert: HEALTHY  | Failure: None            | Air: 300.5 | ProcT: 310.5 | RPM: 1551 | Torque: 38.0 | Wear: 66
[12:54:47] Step 130 | Risk: 0.0259 | Alert: HEALTHY  | Failure: None            | Air: 300.6 | ProcT: 310.6 | RPM: 1550 | Torque: 38.0 | Wear: 69
[12:54:47] Step 46  | Risk: 0.0216 | Alert: HEALTHY  | Failure: None            | Air: 300.4 | ProcT: 310.4 | RPM: 1552 | Torque: 38.0 | Wear: 56
[12:54:48] Step 109 | Risk: 0.0265 | Alert: HEALTHY  | Failure: None            | Air: 300.6 | ProcT: 310.5 | RPM: 1547 | Torque: 38.0 | Wear: 66
[12:54:49] Step 47  | Risk: 0.0216 | Alert: HEALTHY  | Failure: None            | Air: 300.4 | ProcT: 310.4 | RPM: 1553 | Torque: 38.0 | Wear: 56
[12:54:49] Step 131 | Risk: 0.0246 | Alert: HEALTHY  | Failure: None            | Air: 300.6 | ProcT: 310.6 | RPM: 1546 | Torque: 38.0 | Wear: 69
[12:54:50] Step 110 | Risk: 0.0263 | Alert: HEALTHY  | Failure: None            | Air: 300.5 | ProcT: 310.5 | RPM: 1550 | Torque: 38.0 | Wear: 66
[12:54:51] Step 48  | Risk: 0.0212 | Alert: HEALTHY  | Failure: None            | Air: 300.4 | ProcT: 310.4 | RPM: 1546 | Torque: 38.0 | Wear: 57
[12:54:51] Step 132 | Risk: 0.0249 | Alert: HEALTHY  | Failure: None            | Air: 300.6 | ProcT: 310.6 | RPM: 1549 | Torque: 38.0 | Wear: 69
[12:54:51] Step 111 | Risk: 0.0264 | Alert: HEALTHY  | Failure: None            | Air: 300.6 | ProcT: 310.5 | RPM: 1552 | Torque: 38.0 | Wear: 66
[12:54:52] Step 133 | Risk: 0.0251 | Alert: HEALTHY  | Failure: None            | Air: 300.6 | ProcT: 310.6 | RPM: 1550 | Torque: 38.0 | Wear: 69
[12:54:52] Step 49  | Risk: 0.0208 | Alert: HEALTHY  | Failure: None            | Air: 300.4 | ProcT: 310.4 | RPM: 1547 | Torque: 38.0 | Wear: 57
[12:54:53] Step 112 | Risk: 0.0364 | Alert: HEALTHY  | Failure: None            | Air: 300.6 | ProcT: 310.6 | RPM: 1553 | Torque: 38.0 | Wear: 66
[12:54:53] Step 134 | Risk: 0.0250 | Alert: HEALTHY  | Failure: None            | Air: 300.6 | ProcT: 310.6 | RPM: 1549 | Torque: 38.0 | Wear: 69
[12:54:54] Step 50  | Risk: 0.0216 | Alert: HEALTHY  | Failure: None            | Air: 300.4 | ProcT: 310.4 | RPM: 1552 | Torque: 38.0 | Wear: 57
[12:54:55] Step 113 | Risk: 0.0292 | Alert: HEALTHY  | Failure: None            | Air: 300.6 | ProcT: 310.5 | RPM: 1545 | Torque: 38.0 | Wear: 66
[12:54:55] Step 135 | Risk: 0.0255 | Alert: HEALTHY  | Failure: None            | Air: 300.6 | ProcT: 310.6 | RPM: 1550 | Torque: 38.0 | Wear: 70
[12:54:55] Step 51  | Risk: 0.0244 | Alert: HEALTHY  | Failure: None            | Air: 300.5 | ProcT: 310.4 | RPM: 1547 | Torque: 38.0 | Wear: 57
[12:54:57] Step 114 | Risk: 0.0328 | Alert: HEALTHY  | Failure: None            | Air: 300.5 | ProcT: 310.6 | RPM: 1554 | Torque: 38.0 | Wear: 66
[12:54:57] Step 136 | Risk: 0.0303 | Alert: HEALTHY  | Failure: None            | Air: 300.6 | ProcT: 310.7 | RPM: 1547 | Torque: 38.0 | Wear: 70
[12:54:57] Step 52  | Risk: 0.0235 | Alert: HEALTHY  | Failure: None            | Air: 300.4 | ProcT: 310.4 | RPM: 1550 | Torque: 38.0 | Wear: 57
[12:54:58] Step 115 | Risk: 0.0277 | Alert: HEALTHY  | Failure: None            | Air: 300.6 | ProcT: 310.5 | RPM: 1549 | Torque: 38.0 | Wear: 67
[12:54:59] Step 137 | Risk: 0.0254 | Alert: HEALTHY  | Failure: None            | Air: 300.6 | ProcT: 310.6 | RPM: 1545 | Torque: 38.0 | Wear: 70
[12:54:59] Step 53  | Risk: 0.0224 | Alert: HEALTHY  | Failure: None            | Air: 300.4 | ProcT: 310.4 | RPM: 1549 | Torque: 38.0 | Wear: 57
[12:55:00] Step 116 | Risk: 0.0319 | Alert: HEALTHY  | Failure: None            | Air: 300.6 | ProcT: 310.6 | RPM: 1552 | Torque: 38.0 | Wear: 67
[12:55:00] Step 138 | Risk: 0.0263 | Alert: HEALTHY  | Failure: None            | Air: 300.6 | ProcT: 310.6 | RPM: 1554 | Torque: 38.0 | Wear: 70
[12:55:01] Step 54  | Risk: 0.0222 | Alert: HEALTHY  | Failure: None            | Air: 300.4 | ProcT: 310.4 | RPM: 1549 | Torque: 38.0 | Wear: 57
[12:55:01] Step 117 | Risk: 0.0297 | Alert: HEALTHY  | Failure: None            | Air: 300.6 | ProcT: 310.6 | RPM: 1549 | Torque: 38.0 | Wear: 67
[12:55:01] Step 139 | Risk: 0.0308 | Alert: HEALTHY  | Failure: None            | Air: 300.6 | ProcT: 310.7 | RPM: 1549 | Torque: 38.0 | Wear: 70
[12:55:02] Step 118 | Risk: 0.0247 | Alert: HEALTHY  | Failure: None            | Air: 300.6 | ProcT: 310.5 | RPM: 1545 | Torque: 38.0 | Wear: 67
[12:55:02] Step 55  | Risk: 0.0235 | Alert: HEALTHY  | Failure: None            | Air: 300.5 | ProcT: 310.4 | RPM: 1547 | Torque: 38.0 | Wear: 58
[12:55:03] Step 140 | Risk: 0.0253 | Alert: HEALTHY  | Failure: None            | Air: 300.6 | ProcT: 310.6 | RPM: 1547 | Torque: 38.0 | Wear: 70
[12:55:04] Step 56  | Risk: 0.0235 | Alert: HEALTHY  | Failure: None            | Air: 300.4 | ProcT: 310.4 | RPM: 1554 | Torque: 38.0 | Wear: 58
[12:55:04] Step 119 | Risk: 0.0254 | Alert: HEALTHY  | Failure: None            | Air: 300.6 | ProcT: 310.5 | RPM: 1545 | Torque: 38.0 | Wear: 67
[12:55:04] Step 141 | Risk: 0.0307 | Alert: HEALTHY  | Failure: None            | Air: 300.7 | ProcT: 310.6 | RPM: 1552 | Torque: 38.0 | Wear: 71
[12:55:05] Step 57  | Risk: 0.0308 | Alert: HEALTHY  | Failure: None            | Air: 300.5 | ProcT: 310.5 | RPM: 1546 | Torque: 38.0 | Wear: 58
[12:55:05] Step 120 | Risk: 0.0309 | Alert: HEALTHY  | Failure: None            | Air: 300.6 | ProcT: 310.6 | RPM: 1550 | Torque: 38.0 | Wear: 67
[12:55:05] Step 142 | Risk: 0.0292 | Alert: HEALTHY  | Failure: None            | Air: 300.6 | ProcT: 310.6 | RPM: 1554 | Torque: 38.0 | Wear: 71
[12:55:06] Step 58  | Risk: 0.0251 | Alert: HEALTHY  | Failure: None            | Air: 300.4 | ProcT: 310.4 | RPM: 1549 | Torque: 38.0 | Wear: 58
[12:55:07] Step 143 | Risk: 0.0268 | Alert: HEALTHY  | Failure: None            | Air: 300.6 | ProcT: 310.6 | RPM: 1551 | Torque: 38.0 | Wear: 71
[12:55:07] Step 121 | Risk: 0.0292 | Alert: HEALTHY  | Failure: None            | Air: 300.6 | ProcT: 310.6 | RPM: 1554 | Torque: 38.0 | Wear: 68
[12:55:07] Step 59  | Risk: 0.0211 | Alert: HEALTHY  | Failure: None            | Air: 300.4 | ProcT: 310.4 | RPM: 1546 | Torque: 38.0 | Wear: 58
[12:55:08] Step 122 | Risk: 0.0282 | Alert: HEALTHY  | Failure: None            | Air: 300.6 | ProcT: 310.6 | RPM: 1553 | Torque: 38.0 | Wear: 68
[12:55:08] Step 60  | Risk: 0.0229 | Alert: HEALTHY  | Failure: None            | Air: 300.4 | ProcT: 310.4 | RPM: 1551 | Torque: 38.0 | Wear: 58
[12:55:09] Step 144 | Risk: 0.0270 | Alert: HEALTHY  | Failure: None            | Air: 300.6 | ProcT: 310.6 | RPM: 1550 | Torque: 38.0 | Wear: 71
[12:55:10] Step 61  | Risk: 0.0215 | Alert: HEALTHY  | Failure: None            | Air: 300.4 | ProcT: 310.4 | RPM: 1545 | Torque: 38.0 | Wear: 59
[12:55:10] Step 145 | Risk: 0.0258 | Alert: HEALTHY  | Failure: None            | Air: 300.6 | ProcT: 310.6 | RPM: 1547 | Torque: 38.0 | Wear: 71
[12:55:10] Step 123 | Risk: 0.0271 | Alert: HEALTHY  | Failure: None            | Air: 300.6 | ProcT: 310.6 | RPM: 1546 | Torque: 38.0 | Wear: 68
[12:55:11] Step 62  | Risk: 0.0314 | Alert: HEALTHY  | Failure: None            | Air: 300.5 | ProcT: 310.5 | RPM: 1549 | Torque: 38.0 | Wear: 59
[12:55:11] Step 124 | Risk: 0.0246 | Alert: HEALTHY  | Failure: None            | Air: 300.5 | ProcT: 310.6 | RPM: 1552 | Torque: 38.0 | Wear: 68
[12:55:11] Step 146 | Risk: 0.0258 | Alert: HEALTHY  | Failure: None            | Air: 300.6 | ProcT: 310.6 | RPM: 1551 | Torque: 38.0 | Wear: 71
[12:55:13] Step 63  | Risk: 0.0288 | Alert: HEALTHY  | Failure: None            | Air: 300.5 | ProcT: 310.5 | RPM: 1547 | Torque: 38.0 | Wear: 59
[12:55:13] Step 125 | Risk: 0.0222 | Alert: HEALTHY  | Failure: None            | Air: 300.6 | ProcT: 310.5 | RPM: 1551 | Torque: 38.0 | Wear: 68
[12:55:13] Step 147 | Risk: 0.0253 | Alert: HEALTHY  | Failure: None            | Air: 300.6 | ProcT: 310.6 | RPM: 1545 | Torque: 38.0 | Wear: 71
[12:55:14] Step 64  | Risk: 0.0260 | Alert: HEALTHY  | Failure: None            | Air: 300.5 | ProcT: 310.5 | RPM: 1546 | Torque: 38.0 | Wear: 59
[12:55:14] Step 126 | Risk: 0.0303 | Alert: HEALTHY  | Failure: None            | Air: 300.6 | ProcT: 310.6 | RPM: 1546 | Torque: 38.0 | Wear: 68
[12:55:15] Step 148 | Risk: 0.0335 | Alert: HEALTHY  | Failure: None            | Air: 300.6 | ProcT: 310.7 | RPM: 1554 | Torque: 38.0 | Wear: 72
[12:55:16] Step 127 | Risk: 0.0287 | Alert: HEALTHY  | Failure: None            | Air: 300.6 | ProcT: 310.6 | RPM: 1553 | Torque: 38.0 | Wear: 68
[12:55:16] Step 65  | Risk: 0.0225 | Alert: HEALTHY  | Failure: None            | Air: 300.4 | ProcT: 310.4 | RPM: 1548 | Torque: 38.0 | Wear: 59
[12:55:17] Step 128 | Risk: 0.0284 | Alert: HEALTHY  | Failure: None            | Air: 300.6 | ProcT: 310.6 | RPM: 1550 | Torque: 38.0 | Wear: 69
[12:55:17] Step 149 | Risk: 0.0319 | Alert: HEALTHY  | Failure: None            | Air: 300.7 | ProcT: 310.7 | RPM: 1545 | Torque: 38.0 | Wear: 72
[12:55:18] Step 66  | Risk: 0.0271 | Alert: HEALTHY  | Failure: None            | Air: 300.5 | ProcT: 310.5 | RPM: 1547 | Torque: 38.0 | Wear: 59
[12:55:18] Step 129 | Risk: 0.0275 | Alert: HEALTHY  | Failure: None            | Air: 300.6 | ProcT: 310.6 | RPM: 1549 | Torque: 38.0 | Wear: 69
[12:55:19] Step 150 | Risk: 0.0293 | Alert: HEALTHY  | Failure: None            | Air: 300.6 | ProcT: 310.7 | RPM: 1552 | Torque: 38.0 | Wear: 72
[12:55:19] Step 67  | Risk: 0.0251 | Alert: HEALTHY  | Failure: None            | Air: 300.5 | ProcT: 310.5 | RPM: 1549 | Torque: 38.0 | Wear: 59
[12:55:20] Step 130 | Risk: 0.0259 | Alert: HEALTHY  | Failure: None            | Air: 300.6 | ProcT: 310.6 | RPM: 1550 | Torque: 38.0 | Wear: 69
[12:55:20] Step 68  | Risk: 0.0223 | Alert: HEALTHY  | Failure: None            | Air: 300.4 | ProcT: 310.5 | RPM: 1550 | Torque: 38.0 | Wear: 60
[12:55:20] Step 151 | Risk: 0.0268 | Alert: HEALTHY  | Failure: None            | Air: 300.7 | ProcT: 310.6 | RPM: 1549 | Torque: 38.0 | Wear: 72
[12:55:21] Step 69  | Risk: 0.0219 | Alert: HEALTHY  | Failure: None            | Air: 300.5 | ProcT: 310.4 | RPM: 1552 | Torque: 38.0 | Wear: 60
[12:55:21] Step 131 | Risk: 0.0246 | Alert: HEALTHY  | Failure: None            | Air: 300.6 | ProcT: 310.6 | RPM: 1546 | Torque: 38.0 | Wear: 69
[12:55:22] Step 152 | Risk: 0.0310 | Alert: HEALTHY  | Failure: None            | Air: 300.6 | ProcT: 310.7 | RPM: 1548 | Torque: 38.0 | Wear: 72
[12:55:23] Step 132 | Risk: 0.0249 | Alert: HEALTHY  | Failure: None            | Air: 300.6 | ProcT: 310.6 | RPM: 1549 | Torque: 38.0 | Wear: 69
[12:55:23] Step 70  | Risk: 0.0225 | Alert: HEALTHY  | Failure: None            | Air: 300.5 | ProcT: 310.4 | RPM: 1547 | Torque: 38.0 | Wear: 60
[12:55:24] Step 153 | Risk: 0.0284 | Alert: HEALTHY  | Failure: None            | Air: 300.6 | ProcT: 310.7 | RPM: 1554 | Torque: 38.0 | Wear: 72
[12:55:24] --- Session Reset ---
[12:55:25] Step 133 | Risk: 0.0251 | Alert: HEALTHY  | Failure: None            | Air: 300.6 | ProcT: 310.6 | RPM: 1550 | Torque: 38.0 | Wear: 69
[12:55:25] Step 1   | Risk: 0.0238 | Alert: HEALTHY  | Failure: None            | Air: 300.5 | ProcT: 310.4 | RPM: 1546 | Torque: 38.0 | Wear: 60
[12:55:26] Step 2   | Risk: 0.0166 | Alert: HEALTHY  | Failure: None            | Air: 301.5 | ProcT: 308.6 | RPM: 1528 | Torque: 38.6 | Wear: 50
[12:55:26] Step 154 | Risk: 0.0290 | Alert: HEALTHY  | Failure: None            | Air: 300.7 | ProcT: 310.7 | RPM: 1550 | Torque: 38.0 | Wear: 72
[12:55:26] Step 134 | Risk: 0.0250 | Alert: HEALTHY  | Failure: None            | Air: 300.6 | ProcT: 310.6 | RPM: 1549 | Torque: 38.0 | Wear: 69
[12:55:27] Step 155 | Risk: 0.0276 | Alert: HEALTHY  | Failure: None            | Air: 300.6 | ProcT: 310.7 | RPM: 1550 | Torque: 38.0 | Wear: 73
[12:55:27] Step 3   | Risk: 0.5686 | Alert: CRITICAL | Failure: HDF             | Air: 298.4 | ProcT: 311.1 | RPM: 1533 | Torque: 40.7 | Wear: 52
[12:55:27] Step 4   | Risk: 0.3042 | Alert: WARNING  | Failure: TWF             | Air: 300.5 | ProcT: 310.4 | RPM: 1548 | Torque: 38.0 | Wear: 60
[12:55:27] Step 135 | Risk: 0.0255 | Alert: HEALTHY  | Failure: None            | Air: 300.6 | ProcT: 310.6 | RPM: 1550 | Torque: 38.0 | Wear: 70
[12:55:28] Step 5   | Risk: 0.1132 | Alert: HEALTHY  | Failure: None            | Air: 300.4 | ProcT: 310.5 | RPM: 1554 | Torque: 38.0 | Wear: 60
[12:55:29] Step 6   | Risk: 0.0616 | Alert: HEALTHY  | Failure: None            | Air: 301.0 | ProcT: 308.8 | RPM: 1498 | Torque: 41.0 | Wear: 54
[12:55:29] Step 156 | Risk: 0.0252 | Alert: HEALTHY  | Failure: None            | Air: 300.7 | ProcT: 310.6 | RPM: 1553 | Torque: 38.0 | Wear: 73
[12:55:29] Step 136 | Risk: 0.0303 | Alert: HEALTHY  | Failure: None            | Air: 300.6 | ProcT: 310.7 | RPM: 1547 | Torque: 38.0 | Wear: 70
[12:55:30] Step 7   | Risk: 0.8496 | Alert: CRITICAL | Failure: TWF             | Air: 300.5 | ProcT: 310.5 | RPM: 1548 | Torque: 38.0 | Wear: 60
[12:55:30] Step 157 | Risk: 0.0289 | Alert: HEALTHY  | Failure: None            | Air: 300.7 | ProcT: 310.6 | RPM: 1550 | Torque: 38.0 | Wear: 73
[12:55:30] Step 8   | Risk: 0.4278 | Alert: WARNING  | Failure: TWF             | Air: 301.6 | ProcT: 308.6 | RPM: 1506 | Torque: 39.0 | Wear: 56
[12:55:31] Step 137 | Risk: 0.0254 | Alert: HEALTHY  | Failure: None            | Air: 300.6 | ProcT: 310.6 | RPM: 1545 | Torque: 38.0 | Wear: 70
[12:55:31] Step 158 | Risk: 0.0280 | Alert: HEALTHY  | Failure: None            | Air: 300.7 | ProcT: 310.6 | RPM: 1546 | Torque: 38.0 | Wear: 73
[12:55:31] Step 9   | Risk: 0.9803 | Alert: CRITICAL | Failure: HDF             | Air: 302.0 | ProcT: 310.6 | RPM: 1515 | Torque: 40.4 | Wear: 58
[12:55:32] Step 10  | Risk: 0.5918 | Alert: CRITICAL | Failure: TWF             | Air: 300.5 | ProcT: 310.5 | RPM: 1546 | Torque: 38.0 | Wear: 61
[12:55:32] Step 138 | Risk: 0.0263 | Alert: HEALTHY  | Failure: None            | Air: 300.6 | ProcT: 310.6 | RPM: 1554 | Torque: 38.0 | Wear: 70
[12:55:33] Step 159 | Risk: 0.0328 | Alert: HEALTHY  | Failure: None            | Air: 300.6 | ProcT: 310.7 | RPM: 1547 | Torque: 38.0 | Wear: 73
[12:55:33] Step 11  | Risk: 0.1227 | Alert: HEALTHY  | Failure: None            | Air: 301.0 | ProcT: 309.6 | RPM: 1503 | Torque: 40.1 | Wear: 60
[12:55:33] Step 12  | Risk: 0.4667 | Alert: HEALTHY  | Failure: None            | Air: 300.4 | ProcT: 310.5 | RPM: 1554 | Torque: 38.0 | Wear: 61
[12:55:34] Step 139 | Risk: 0.0308 | Alert: HEALTHY  | Failure: None            | Air: 300.6 | ProcT: 310.7 | RPM: 1549 | Torque: 38.0 | Wear: 70
[12:55:34] Step 160 | Risk: 0.0288 | Alert: HEALTHY  | Failure: None            | Air: 300.7 | ProcT: 310.6 | RPM: 1547 | Torque: 38.0 | Wear: 73
[12:55:34] Step 13  | Risk: 0.2399 | Alert: HEALTHY  | Failure: None            | Air: 298.8 | ProcT: 310.9 | RPM: 1463 | Torque: 39.8 | Wear: 62
[12:55:34] Step 14  | Risk: 0.0312 | Alert: HEALTHY  | Failure: None            | Air: 300.5 | ProcT: 310.4 | RPM: 1552 | Torque: 38.0 | Wear: 61
[12:55:35] Step 140 | Risk: 0.0253 | Alert: HEALTHY  | Failure: None            | Air: 300.6 | ProcT: 310.6 | RPM: 1547 | Torque: 38.0 | Wear: 70
[12:55:36] Step 15  | Risk: 0.0160 | Alert: HEALTHY  | Failure: None            | Air: 298.0 | ProcT: 309.1 | RPM: 1507 | Torque: 41.4 | Wear: 64
[12:55:36] Step 16  | Risk: 0.5105 | Alert: CRITICAL | Failure: HDF             | Air: 300.5 | ProcT: 310.5 | RPM: 1545 | Torque: 38.0 | Wear: 61
[12:55:36] Step 161 | Risk: 0.0372 | Alert: HEALTHY  | Failure: None            | Air: 300.7 | ProcT: 310.7 | RPM: 1550 | Torque: 38.0 | Wear: 74
[12:55:37] Step 141 | Risk: 0.0307 | Alert: HEALTHY  | Failure: None            | Air: 300.7 | ProcT: 310.6 | RPM: 1552 | Torque: 38.0 | Wear: 71
[12:55:37] Step 17  | Risk: 0.2558 | Alert: HEALTHY  | Failure: None            | Air: 299.4 | ProcT: 308.3 | RPM: 1549 | Torque: 39.4 | Wear: 66
[12:55:38] Step 18  | Risk: 0.8625 | Alert: CRITICAL | Failure: HDF             | Air: 300.5 | ProcT: 310.5 | RPM: 1547 | Torque: 38.0 | Wear: 61
[12:55:38] Step 162 | Risk: 0.0338 | Alert: HEALTHY  | Failure: None            | Air: 300.7 | ProcT: 310.7 | RPM: 1549 | Torque: 38.0 | Wear: 74
[12:55:38] Step 142 | Risk: 0.0292 | Alert: HEALTHY  | Failure: None            | Air: 300.6 | ProcT: 310.6 | RPM: 1554 | Torque: 38.0 | Wear: 71
[12:55:39] Step 19  | Risk: 0.4339 | Alert: WARNING  | Failure: TWF             | Air: 299.2 | ProcT: 308.4 | RPM: 1515 | Torque: 40.0 | Wear: 68
[12:55:39] Step 20  | Risk: 0.8150 | Alert: CRITICAL | Failure: OSF             | Air: 300.5 | ProcT: 310.5 | RPM: 1548 | Torque: 38.0 | Wear: 61
[12:55:39] Step 163 | Risk: 0.0308 | Alert: HEALTHY  | Failure: None            | Air: 300.7 | ProcT: 310.7 | RPM: 1551 | Torque: 38.0 | Wear: 74
[12:55:40] Step 143 | Risk: 0.0268 | Alert: HEALTHY  | Failure: None            | Air: 300.6 | ProcT: 310.6 | RPM: 1551 | Torque: 38.0 | Wear: 71
[12:55:40] Step 21  | Risk: 0.9999 | Alert: CRITICAL | Failure: OSF             | Air: 302.9 | ProcT: 313.3 | RPM: 1398 | Torque: 44.2 | Wear: 76
[12:55:40] Step 22  | Risk: 0.5007 | Alert: CRITICAL | Failure: TWF             | Air: 300.4 | ProcT: 310.5 | RPM: 1547 | Torque: 38.0 | Wear: 62
[12:55:41] Step 144 | Risk: 0.0270 | Alert: HEALTHY  | Failure: None            | Air: 300.6 | ProcT: 310.6 | RPM: 1550 | Torque: 38.0 | Wear: 71
[12:55:41] Step 164 | Risk: 0.0294 | Alert: HEALTHY  | Failure: None            | Air: 300.7 | ProcT: 310.7 | RPM: 1546 | Torque: 38.0 | Wear: 74
[12:55:42] Step 23  | Risk: 0.5127 | Alert: CRITICAL | Failure: TWF             | Air: 300.4 | ProcT: 310.4 | RPM: 1547 | Torque: 38.0 | Wear: 62
[12:55:42] Step 24  | Risk: 0.9991 | Alert: CRITICAL | Failure: HDF             | Air: 302.4 | ProcT: 313.2 | RPM: 1394 | Torque: 45.8 | Wear: 84
[12:55:42] Step 145 | Risk: 0.0258 | Alert: HEALTHY  | Failure: None            | Air: 300.6 | ProcT: 310.6 | RPM: 1547 | Torque: 38.0 | Wear: 71
[12:55:43] Step 165 | Risk: 0.0279 | Alert: HEALTHY  | Failure: None            | Air: 300.7 | ProcT: 310.7 | RPM: 1554 | Torque: 38.0 | Wear: 74
[12:55:43] Step 25  | Risk: 0.4996 | Alert: WARNING  | Failure: TWF             | Air: 300.4 | ProcT: 310.5 | RPM: 1547 | Torque: 38.0 | Wear: 62
[12:55:44] Step 26  | Risk: 1.0000 | Alert: CRITICAL | Failure: TWF             | Air: 305.0 | ProcT: 313.6 | RPM: 1353 | Torque: 49.2 | Wear: 91
[12:55:44] Step 146 | Risk: 0.0258 | Alert: HEALTHY  | Failure: None            | Air: 300.6 | ProcT: 310.6 | RPM: 1551 | Torque: 38.0 | Wear: 71
[12:55:45] Step 147 | Risk: 0.0253 | Alert: HEALTHY  | Failure: None            | Air: 300.6 | ProcT: 310.6 | RPM: 1545 | Torque: 38.0 | Wear: 71
[12:55:45] Step 166 | Risk: 0.0248 | Alert: HEALTHY  | Failure: None            | Air: 300.7 | ProcT: 310.6 | RPM: 1546 | Torque: 38.0 | Wear: 74
[12:55:45] Step 27  | Risk: 0.5009 | Alert: CRITICAL | Failure: TWF             | Air: 300.5 | ProcT: 310.5 | RPM: 1545 | Torque: 38.0 | Wear: 62
[12:55:45] Step 28  | Risk: 1.0000 | Alert: CRITICAL | Failure: HDF             | Air: 306.9 | ProcT: 316.7 | RPM: 1264 | Torque: 52.6 | Wear: 98
[12:55:46] Step 167 | Risk: 0.0339 | Alert: HEALTHY  | Failure: None            | Air: 300.7 | ProcT: 310.7 | RPM: 1553 | Torque: 38.0 | Wear: 74
[12:55:47] Step 29  | Risk: 0.5000 | Alert: CRITICAL | Failure: TWF             | Air: 300.5 | ProcT: 310.5 | RPM: 1550 | Torque: 38.0 | Wear: 62
[12:55:47] Step 148 | Risk: 0.0335 | Alert: HEALTHY  | Failure: None            | Air: 300.6 | ProcT: 310.7 | RPM: 1554 | Torque: 38.0 | Wear: 72
[12:55:47] Step 30  | Risk: 1.0000 | Alert: CRITICAL | Failure: HDF             | Air: 307.7 | ProcT: 317.4 | RPM: 1221 | Torque: 54.8 | Wear: 104
[12:55:48] Step 168 | Risk: 0.0287 | Alert: HEALTHY  | Failure: None            | Air: 300.7 | ProcT: 310.6 | RPM: 1551 | Torque: 38.0 | Wear: 75
[12:55:48] Step 31  | Risk: 0.5000 | Alert: CRITICAL | Failure: TWF             | Air: 300.5 | ProcT: 310.5 | RPM: 1546 | Torque: 38.0 | Wear: 62
[12:55:48] Step 32  | Risk: 1.0000 | Alert: CRITICAL | Failure: HDF             | Air: 309.4 | ProcT: 319.0 | RPM: 1126 | Torque: 57.9 | Wear: 110
[12:55:49] Step 149 | Risk: 0.0319 | Alert: HEALTHY  | Failure: None            | Air: 300.7 | ProcT: 310.7 | RPM: 1545 | Torque: 38.0 | Wear: 72
[12:55:49] Step 169 | Risk: 0.0332 | Alert: HEALTHY  | Failure: None            | Air: 300.7 | ProcT: 310.7 | RPM: 1547 | Torque: 38.0 | Wear: 75
[12:55:50] Step 33  | Risk: 0.5000 | Alert: CRITICAL | Failure: TWF             | Air: 300.5 | ProcT: 310.5 | RPM: 1554 | Torque: 38.0 | Wear: 62
[12:55:50] Step 34  | Risk: 1.0000 | Alert: CRITICAL | Failure: HDF             | Air: 310.2 | ProcT: 320.2 | RPM: 1088 | Torque: 60.5 | Wear: 116
[12:55:50] Step 150 | Risk: 0.0293 | Alert: HEALTHY  | Failure: None            | Air: 300.6 | ProcT: 310.7 | RPM: 1552 | Torque: 38.0 | Wear: 72
[12:55:50] Step 170 | Risk: 0.0312 | Alert: HEALTHY  | Failure: None            | Air: 300.7 | ProcT: 310.7 | RPM: 1546 | Torque: 38.0 | Wear: 75
[12:55:51] Step 171 | Risk: 0.0289 | Alert: HEALTHY  | Failure: None            | Air: 300.7 | ProcT: 310.7 | RPM: 1552 | Torque: 38.0 | Wear: 75
[12:55:52] Step 35  | Risk: 0.5000 | Alert: CRITICAL | Failure: TWF             | Air: 300.5 | ProcT: 310.5 | RPM: 1550 | Torque: 38.0 | Wear: 63
[12:55:52] Step 151 | Risk: 0.0268 | Alert: HEALTHY  | Failure: None            | Air: 300.7 | ProcT: 310.6 | RPM: 1549 | Torque: 38.0 | Wear: 72
[12:55:52] Step 36  | Risk: 1.0000 | Alert: CRITICAL | Failure: HDF             | Air: 312.0 | ProcT: 322.0 | RPM: 1021 | Torque: 64.3 | Wear: 121
[12:55:53] Step 172 | Risk: 0.0290 | Alert: HEALTHY  | Failure: None            | Air: 300.7 | ProcT: 310.7 | RPM: 1548 | Torque: 38.0 | Wear: 75
[12:55:53] Step 37  | Risk: 1.0000 | Alert: CRITICAL | Failure: TWF             | Air: 313.5 | ProcT: 323.4 | RPM: 959 | Torque: 67.0 | Wear: 126
[12:55:54] Step 152 | Risk: 0.0310 | Alert: HEALTHY  | Failure: None            | Air: 300.6 | ProcT: 310.7 | RPM: 1548 | Torque: 38.0 | Wear: 72
[12:55:54] Step 173 | Risk: 0.0287 | Alert: HEALTHY  | Failure: None            | Air: 300.7 | ProcT: 310.7 | RPM: 1554 | Torque: 38.0 | Wear: 75
[12:55:54] Step 38  | Risk: 0.5000 | Alert: WARNING  | Failure: TWF             | Air: 300.5 | ProcT: 310.5 | RPM: 1548 | Torque: 38.0 | Wear: 63
[12:55:54] Step 39  | Risk: 1.0000 | Alert: CRITICAL | Failure: HDF             | Air: 315.0 | ProcT: 325.0 | RPM: 900 | Torque: 70.0 | Wear: 130
[12:55:55] Step 40  | Risk: 0.5000 | Alert: CRITICAL | Failure: TWF             | Air: 300.5 | ProcT: 310.5 | RPM: 1548 | Torque: 38.0 | Wear: 63
[12:55:55] Step 174 | Risk: 0.0282 | Alert: HEALTHY  | Failure: None            | Air: 300.7 | ProcT: 310.7 | RPM: 1553 | Torque: 38.0 | Wear: 75
[12:55:55] Step 153 | Risk: 0.0284 | Alert: HEALTHY  | Failure: None            | Air: 300.6 | ProcT: 310.7 | RPM: 1554 | Torque: 38.0 | Wear: 72
[12:55:56] Step 175 | Risk: 0.0281 | Alert: HEALTHY  | Failure: None            | Air: 300.7 | ProcT: 310.7 | RPM: 1554 | Torque: 38.0 | Wear: 76
[12:55:57] Step 154 | Risk: 0.0290 | Alert: HEALTHY  | Failure: None            | Air: 300.7 | ProcT: 310.7 | RPM: 1550 | Torque: 38.0 | Wear: 72
[12:55:58] Step 176 | Risk: 0.0271 | Alert: HEALTHY  | Failure: None            | Air: 300.7 | ProcT: 310.7 | RPM: 1550 | Torque: 37.8 | Wear: 76
[12:55:59] Step 155 | Risk: 0.0276 | Alert: HEALTHY  | Failure: None            | Air: 300.6 | ProcT: 310.7 | RPM: 1550 | Torque: 38.0 | Wear: 73
[12:55:59] Step 177 | Risk: 0.0319 | Alert: HEALTHY  | Failure: None            | Air: 300.8 | ProcT: 310.7 | RPM: 1543 | Torque: 38.2 | Wear: 76
[12:56:01] Step 156 | Risk: 0.0252 | Alert: HEALTHY  | Failure: None            | Air: 300.7 | ProcT: 310.6 | RPM: 1553 | Torque: 38.0 | Wear: 73
[12:56:01] Step 178 | Risk: 0.0809 | Alert: HEALTHY  | Failure: None            | Air: 301.0 | ProcT: 311.0 | RPM: 1540 | Torque: 38.2 | Wear: 77
[12:56:03] Step 157 | Risk: 0.0289 | Alert: HEALTHY  | Failure: None            | Air: 300.7 | ProcT: 310.6 | RPM: 1550 | Torque: 38.0 | Wear: 73
[12:56:03] Step 179 | Risk: 0.1478 | Alert: HEALTHY  | Failure: None            | Air: 301.3 | ProcT: 311.3 | RPM: 1536 | Torque: 38.7 | Wear: 78
[12:56:04] Step 158 | Risk: 0.0280 | Alert: HEALTHY  | Failure: None            | Air: 300.7 | ProcT: 310.6 | RPM: 1546 | Torque: 38.0 | Wear: 73
[12:56:05] Step 180 | Risk: 0.3241 | Alert: HEALTHY  | Failure: None            | Air: 301.7 | ProcT: 311.7 | RPM: 1520 | Torque: 39.5 | Wear: 80
[12:56:06] Step 159 | Risk: 0.0328 | Alert: HEALTHY  | Failure: None            | Air: 300.6 | ProcT: 310.7 | RPM: 1547 | Torque: 38.0 | Wear: 73
[12:56:06] Step 181 | Risk: 0.6309 | Alert: CRITICAL | Failure: TWF             | Air: 302.2 | ProcT: 312.3 | RPM: 1498 | Torque: 40.4 | Wear: 82
[12:56:07] Step 160 | Risk: 0.0288 | Alert: HEALTHY  | Failure: None            | Air: 300.7 | ProcT: 310.6 | RPM: 1547 | Torque: 38.0 | Wear: 73
[12:56:08] Step 182 | Risk: 0.7870 | Alert: CRITICAL | Failure: TWF             | Air: 302.9 | ProcT: 312.8 | RPM: 1487 | Torque: 41.2 | Wear: 85
[12:56:09] Step 161 | Risk: 0.0372 | Alert: HEALTHY  | Failure: None            | Air: 300.7 | ProcT: 310.7 | RPM: 1550 | Torque: 38.0 | Wear: 74
[12:56:10] Step 162 | Risk: 0.0338 | Alert: HEALTHY  | Failure: None            | Air: 300.7 | ProcT: 310.7 | RPM: 1549 | Torque: 38.0 | Wear: 74
[12:56:10] Step 183 | Risk: 0.9172 | Alert: CRITICAL | Failure: TWF             | Air: 303.5 | ProcT: 313.5 | RPM: 1468 | Torque: 42.1 | Wear: 88
[12:56:11] Step 163 | Risk: 0.0308 | Alert: HEALTHY  | Failure: None            | Air: 300.7 | ProcT: 310.7 | RPM: 1551 | Torque: 38.0 | Wear: 74
[12:56:11] Step 184 | Risk: 0.9703 | Alert: CRITICAL | Failure: TWF             | Air: 304.3 | ProcT: 314.3 | RPM: 1442 | Torque: 43.4 | Wear: 91
[12:56:12] Step 164 | Risk: 0.0294 | Alert: HEALTHY  | Failure: None            | Air: 300.7 | ProcT: 310.7 | RPM: 1546 | Torque: 38.0 | Wear: 74
[12:56:13] Step 165 | Risk: 0.0279 | Alert: HEALTHY  | Failure: None            | Air: 300.7 | ProcT: 310.7 | RPM: 1554 | Torque: 38.0 | Wear: 74
[12:56:13] Step 185 | Risk: 0.9846 | Alert: CRITICAL | Failure: TWF             | Air: 305.1 | ProcT: 315.1 | RPM: 1416 | Torque: 44.6 | Wear: 94
[12:56:14] Step 166 | Risk: 0.0248 | Alert: HEALTHY  | Failure: None            | Air: 300.7 | ProcT: 310.6 | RPM: 1546 | Torque: 38.0 | Wear: 74
[12:56:15] Step 186 | Risk: 0.9910 | Alert: CRITICAL | Failure: TWF             | Air: 305.9 | ProcT: 315.9 | RPM: 1388 | Torque: 45.8 | Wear: 98
[12:56:16] Step 167 | Risk: 0.0339 | Alert: HEALTHY  | Failure: None            | Air: 300.7 | ProcT: 310.7 | RPM: 1553 | Torque: 38.0 | Wear: 74
[12:56:16] Step 187 | Risk: 0.9961 | Alert: CRITICAL | Failure: TWF             | Air: 306.8 | ProcT: 316.8 | RPM: 1361 | Torque: 47.1 | Wear: 102
[12:56:17] Step 168 | Risk: 0.0287 | Alert: HEALTHY  | Failure: None            | Air: 300.7 | ProcT: 310.6 | RPM: 1551 | Torque: 38.0 | Wear: 75
[12:56:18] Step 188 | Risk: 0.9976 | Alert: CRITICAL | Failure: TWF             | Air: 307.7 | ProcT: 317.7 | RPM: 1343 | Torque: 48.5 | Wear: 106
[12:56:19] Step 169 | Risk: 0.0332 | Alert: HEALTHY  | Failure: None            | Air: 300.7 | ProcT: 310.7 | RPM: 1547 | Torque: 38.0 | Wear: 75
[12:56:19] Step 189 | Risk: 0.9976 | Alert: CRITICAL | Failure: TWF             | Air: 308.5 | ProcT: 318.5 | RPM: 1313 | Torque: 49.7 | Wear: 109
[12:56:21] Step 170 | Risk: 0.0312 | Alert: HEALTHY  | Failure: None            | Air: 300.7 | ProcT: 310.7 | RPM: 1546 | Torque: 38.0 | Wear: 75
[12:56:21] Step 190 | Risk: 0.9988 | Alert: CRITICAL | Failure: TWF             | Air: 309.5 | ProcT: 319.4 | RPM: 1285 | Torque: 50.9 | Wear: 113
[12:56:22] Step 171 | Risk: 0.0289 | Alert: HEALTHY  | Failure: None            | Air: 300.7 | ProcT: 310.7 | RPM: 1552 | Torque: 38.0 | Wear: 75
[12:56:23] Step 191 | Risk: 0.9987 | Alert: CRITICAL | Failure: TWF             | Air: 310.3 | ProcT: 320.2 | RPM: 1261 | Torque: 52.1 | Wear: 117
[12:56:23] Step 172 | Risk: 0.0290 | Alert: HEALTHY  | Failure: None            | Air: 300.7 | ProcT: 310.7 | RPM: 1548 | Torque: 38.0 | Wear: 75
[12:56:25] Step 192 | Risk: 0.9992 | Alert: CRITICAL | Failure: HDF             | Air: 311.1 | ProcT: 321.2 | RPM: 1233 | Torque: 53.7 | Wear: 121
[12:56:25] Step 173 | Risk: 0.0287 | Alert: HEALTHY  | Failure: None            | Air: 300.7 | ProcT: 310.7 | RPM: 1554 | Torque: 38.0 | Wear: 75
[12:56:26] Step 193 | Risk: 0.9991 | Alert: CRITICAL | Failure: HDF             | Air: 311.9 | ProcT: 322.0 | RPM: 1211 | Torque: 54.6 | Wear: 124
[12:56:27] Step 174 | Risk: 0.0282 | Alert: HEALTHY  | Failure: None            | Air: 300.7 | ProcT: 310.7 | RPM: 1553 | Torque: 38.0 | Wear: 75
[12:56:28] Step 194 | Risk: 0.9989 | Alert: CRITICAL | Failure: HDF             | Air: 312.7 | ProcT: 322.7 | RPM: 1188 | Torque: 56.0 | Wear: 127
[12:56:29] Step 175 | Risk: 0.0281 | Alert: HEALTHY  | Failure: None            | Air: 300.7 | ProcT: 310.7 | RPM: 1554 | Torque: 38.0 | Wear: 76
[12:56:29] Step 195 | Risk: 0.9987 | Alert: CRITICAL | Failure: HDF             | Air: 313.4 | ProcT: 323.4 | RPM: 1167 | Torque: 56.6 | Wear: 130
[12:56:31] Step 176 | Risk: 0.0271 | Alert: HEALTHY  | Failure: None            | Air: 300.7 | ProcT: 310.7 | RPM: 1550 | Torque: 37.8 | Wear: 76
[12:56:31] Step 196 | Risk: 0.9981 | Alert: CRITICAL | Failure: HDF             | Air: 314.0 | ProcT: 324.0 | RPM: 1150 | Torque: 57.6 | Wear: 133
[12:56:32] Step 177 | Risk: 0.0319 | Alert: HEALTHY  | Failure: None            | Air: 300.8 | ProcT: 310.7 | RPM: 1543 | Torque: 38.2 | Wear: 76
[12:56:32] Step 197 | Risk: 0.9968 | Alert: CRITICAL | Failure: HDF             | Air: 314.5 | ProcT: 324.5 | RPM: 1133 | Torque: 58.4 | Wear: 135
[12:56:33] Step 178 | Risk: 0.0809 | Alert: HEALTHY  | Failure: None            | Air: 301.0 | ProcT: 311.0 | RPM: 1540 | Torque: 38.2 | Wear: 77
[12:56:34] Step 198 | Risk: 0.9940 | Alert: CRITICAL | Failure: HDF             | Air: 314.9 | ProcT: 324.9 | RPM: 1114 | Torque: 59.3 | Wear: 137
[12:56:35] Step 179 | Risk: 0.1478 | Alert: HEALTHY  | Failure: None            | Air: 301.3 | ProcT: 311.3 | RPM: 1536 | Torque: 38.7 | Wear: 78
[12:56:36] Step 199 | Risk: 0.9872 | Alert: CRITICAL | Failure: HDF             | Air: 315.2 | ProcT: 325.2 | RPM: 1110 | Torque: 59.6 | Wear: 138
[12:56:36] Step 180 | Risk: 0.3241 | Alert: HEALTHY  | Failure: None            | Air: 301.7 | ProcT: 311.7 | RPM: 1520 | Torque: 39.5 | Wear: 80
[12:56:37] Step 200 | Risk: 0.9773 | Alert: CRITICAL | Failure: HDF             | Air: 315.5 | ProcT: 325.5 | RPM: 1105 | Torque: 60.0 | Wear: 139
[12:56:38] Step 181 | Risk: 0.6309 | Alert: CRITICAL | Failure: TWF             | Air: 302.2 | ProcT: 312.3 | RPM: 1498 | Torque: 40.4 | Wear: 82
[12:56:39] Step 182 | Risk: 0.7870 | Alert: CRITICAL | Failure: TWF             | Air: 302.9 | ProcT: 312.8 | RPM: 1487 | Torque: 41.2 | Wear: 85
[12:56:41] Step 183 | Risk: 0.9172 | Alert: CRITICAL | Failure: TWF             | Air: 303.5 | ProcT: 313.5 | RPM: 1468 | Torque: 42.1 | Wear: 88
[12:56:42] Step 184 | Risk: 0.9703 | Alert: CRITICAL | Failure: TWF             | Air: 304.3 | ProcT: 314.3 | RPM: 1442 | Torque: 43.4 | Wear: 91
[12:56:44] Step 185 | Risk: 0.9846 | Alert: CRITICAL | Failure: TWF             | Air: 305.1 | ProcT: 315.1 | RPM: 1416 | Torque: 44.6 | Wear: 94
[12:56:46] Step 186 | Risk: 0.9910 | Alert: CRITICAL | Failure: TWF             | Air: 305.9 | ProcT: 315.9 | RPM: 1388 | Torque: 45.8 | Wear: 98
[12:56:48] Step 187 | Risk: 0.9961 | Alert: CRITICAL | Failure: TWF             | Air: 306.8 | ProcT: 316.8 | RPM: 1361 | Torque: 47.1 | Wear: 102
[12:56:50] Step 188 | Risk: 0.9976 | Alert: CRITICAL | Failure: TWF             | Air: 307.7 | ProcT: 317.7 | RPM: 1343 | Torque: 48.5 | Wear: 106
[12:56:51] Step 189 | Risk: 0.9976 | Alert: CRITICAL | Failure: TWF             | Air: 308.5 | ProcT: 318.5 | RPM: 1313 | Torque: 49.7 | Wear: 109
[12:56:53] Step 190 | Risk: 0.9988 | Alert: CRITICAL | Failure: TWF             | Air: 309.5 | ProcT: 319.4 | RPM: 1285 | Torque: 50.9 | Wear: 113
[12:56:55] Step 191 | Risk: 0.9987 | Alert: CRITICAL | Failure: TWF             | Air: 310.3 | ProcT: 320.2 | RPM: 1261 | Torque: 52.1 | Wear: 117
[12:56:56] Step 192 | Risk: 0.9992 | Alert: CRITICAL | Failure: HDF             | Air: 311.1 | ProcT: 321.2 | RPM: 1233 | Torque: 53.7 | Wear: 121
[12:56:57] Step 193 | Risk: 0.9991 | Alert: CRITICAL | Failure: HDF             | Air: 311.9 | ProcT: 322.0 | RPM: 1211 | Torque: 54.6 | Wear: 124
[12:56:59] Step 194 | Risk: 0.9989 | Alert: CRITICAL | Failure: HDF             | Air: 312.7 | ProcT: 322.7 | RPM: 1188 | Torque: 56.0 | Wear: 127
[12:57:01] Step 195 | Risk: 0.9987 | Alert: CRITICAL | Failure: HDF             | Air: 313.4 | ProcT: 323.4 | RPM: 1167 | Torque: 56.6 | Wear: 130
[12:57:02] Step 196 | Risk: 0.9981 | Alert: CRITICAL | Failure: HDF             | Air: 314.0 | ProcT: 324.0 | RPM: 1150 | Torque: 57.6 | Wear: 133
[12:57:03] Step 197 | Risk: 0.9968 | Alert: CRITICAL | Failure: HDF             | Air: 314.5 | ProcT: 324.5 | RPM: 1133 | Torque: 58.4 | Wear: 135
[12:57:05] Step 198 | Risk: 0.9940 | Alert: CRITICAL | Failure: HDF             | Air: 314.9 | ProcT: 324.9 | RPM: 1114 | Torque: 59.3 | Wear: 137
[12:57:07] Step 199 | Risk: 0.9872 | Alert: CRITICAL | Failure: HDF             | Air: 315.2 | ProcT: 325.2 | RPM: 1110 | Torque: 59.6 | Wear: 138
[12:57:08] Step 200 | Risk: 0.9773 | Alert: CRITICAL | Failure: HDF             | Air: 315.5 | ProcT: 325.5 | RPM: 1105 | Torque: 60.0 | Wear: 139
[12:59:58] --- Session Reset ---
[13:00:00] Step 1   | Risk: 0.0189 | Alert: HEALTHY  | Failure: None            | Air: 300.3 | ProcT: 310.3 | RPM: 1552 | Torque: 38.0 | Wear: 50
[13:00:01] Step 2   | Risk: 0.0189 | Alert: HEALTHY  | Failure: None            | Air: 300.3 | ProcT: 310.3 | RPM: 1547 | Torque: 38.0 | Wear: 50
[13:00:03] Step 3   | Risk: 0.0189 | Alert: HEALTHY  | Failure: None            | Air: 300.3 | ProcT: 310.3 | RPM: 1547 | Torque: 38.0 | Wear: 50
[13:00:05] Step 4   | Risk: 0.0196 | Alert: HEALTHY  | Failure: None            | Air: 300.3 | ProcT: 310.3 | RPM: 1552 | Torque: 38.0 | Wear: 50
[13:00:06] Step 5   | Risk: 0.0194 | Alert: HEALTHY  | Failure: None            | Air: 300.3 | ProcT: 310.3 | RPM: 1549 | Torque: 38.0 | Wear: 50
[13:00:07] Step 6   | Risk: 0.0287 | Alert: HEALTHY  | Failure: None            | Air: 300.4 | ProcT: 310.4 | RPM: 1554 | Torque: 38.0 | Wear: 50
[13:00:09] Step 7   | Risk: 0.0229 | Alert: HEALTHY  | Failure: None            | Air: 300.3 | ProcT: 310.3 | RPM: 1552 | Torque: 38.0 | Wear: 50
[13:00:11] Step 8   | Risk: 0.0251 | Alert: HEALTHY  | Failure: None            | Air: 300.3 | ProcT: 310.4 | RPM: 1553 | Torque: 38.0 | Wear: 51
[13:00:13] Step 9   | Risk: 0.0208 | Alert: HEALTHY  | Failure: None            | Air: 300.3 | ProcT: 310.3 | RPM: 1548 | Torque: 38.0 | Wear: 51
[13:00:14] Step 10  | Risk: 0.0204 | Alert: HEALTHY  | Failure: None            | Air: 300.4 | ProcT: 310.3 | RPM: 1552 | Torque: 38.0 | Wear: 51
[13:00:16] Step 11  | Risk: 0.0200 | Alert: HEALTHY  | Failure: None            | Air: 300.3 | ProcT: 310.3 | RPM: 1545 | Torque: 38.0 | Wear: 51
[13:00:17] Step 12  | Risk: 0.0203 | Alert: HEALTHY  | Failure: None            | Air: 300.3 | ProcT: 310.3 | RPM: 1554 | Torque: 38.0 | Wear: 51
[13:00:19] Step 13  | Risk: 0.0212 | Alert: HEALTHY  | Failure: None            | Air: 300.3 | ProcT: 310.3 | RPM: 1553 | Torque: 38.0 | Wear: 51
[13:00:20] Step 14  | Risk: 0.0205 | Alert: HEALTHY  | Failure: None            | Air: 300.3 | ProcT: 310.3 | RPM: 1554 | Torque: 38.0 | Wear: 51
[13:00:22] Step 15  | Risk: 0.0231 | Alert: HEALTHY  | Failure: None            | Air: 300.4 | ProcT: 310.3 | RPM: 1550 | Torque: 38.0 | Wear: 52
[13:00:24] Step 16  | Risk: 0.0220 | Alert: HEALTHY  | Failure: None            | Air: 300.3 | ProcT: 310.3 | RPM: 1554 | Torque: 38.0 | Wear: 52
[13:00:25] Step 17  | Risk: 0.0245 | Alert: HEALTHY  | Failure: None            | Air: 300.3 | ProcT: 310.4 | RPM: 1545 | Torque: 38.0 | Wear: 52
[13:00:27] Step 18  | Risk: 0.0246 | Alert: HEALTHY  | Failure: None            | Air: 300.4 | ProcT: 310.4 | RPM: 1553 | Torque: 38.0 | Wear: 52
[13:00:28] Step 19  | Risk: 0.0207 | Alert: HEALTHY  | Failure: None            | Air: 300.3 | ProcT: 310.3 | RPM: 1553 | Torque: 38.0 | Wear: 52
[13:00:29] Step 20  | Risk: 0.0205 | Alert: HEALTHY  | Failure: None            | Air: 300.3 | ProcT: 310.3 | RPM: 1551 | Torque: 38.0 | Wear: 52
[13:00:31] Step 21  | Risk: 0.0237 | Alert: HEALTHY  | Failure: None            | Air: 300.3 | ProcT: 310.4 | RPM: 1547 | Torque: 38.0 | Wear: 53
[13:00:32] Step 22  | Risk: 0.0224 | Alert: HEALTHY  | Failure: None            | Air: 300.4 | ProcT: 310.4 | RPM: 1549 | Torque: 38.0 | Wear: 53
[13:00:34] Step 23  | Risk: 0.0207 | Alert: HEALTHY  | Failure: None            | Air: 300.4 | ProcT: 310.3 | RPM: 1554 | Torque: 38.0 | Wear: 53
[13:00:35] Step 24  | Risk: 0.0209 | Alert: HEALTHY  | Failure: None            | Air: 300.3 | ProcT: 310.3 | RPM: 1549 | Torque: 38.0 | Wear: 53
[13:00:36] Step 25  | Risk: 0.0208 | Alert: HEALTHY  | Failure: None            | Air: 300.3 | ProcT: 310.3 | RPM: 1553 | Torque: 38.0 | Wear: 53
[13:00:38] Step 26  | Risk: 0.0200 | Alert: HEALTHY  | Failure: None            | Air: 300.3 | ProcT: 310.3 | RPM: 1551 | Torque: 38.0 | Wear: 53
[13:00:40] Step 27  | Risk: 0.0194 | Alert: HEALTHY  | Failure: None            | Air: 300.3 | ProcT: 310.3 | RPM: 1549 | Torque: 38.0 | Wear: 53
[13:00:41] Step 28  | Risk: 0.0248 | Alert: HEALTHY  | Failure: None            | Air: 300.3 | ProcT: 310.4 | RPM: 1550 | Torque: 38.0 | Wear: 54
[13:00:43] Step 29  | Risk: 0.0208 | Alert: HEALTHY  | Failure: None            | Air: 300.3 | ProcT: 310.3 | RPM: 1551 | Torque: 38.0 | Wear: 54
[13:00:44] Step 30  | Risk: 0.0291 | Alert: HEALTHY  | Failure: None            | Air: 300.4 | ProcT: 310.4 | RPM: 1553 | Torque: 38.0 | Wear: 54
[13:00:45] Step 31  | Risk: 0.0244 | Alert: HEALTHY  | Failure: None            | Air: 300.4 | ProcT: 310.3 | RPM: 1550 | Torque: 38.0 | Wear: 54
[13:00:47] Step 32  | Risk: 0.0224 | Alert: HEALTHY  | Failure: None            | Air: 300.4 | ProcT: 310.3 | RPM: 1548 | Torque: 38.0 | Wear: 54
[13:00:48] Step 33  | Risk: 0.0300 | Alert: HEALTHY  | Failure: None            | Air: 300.4 | ProcT: 310.4 | RPM: 1552 | Torque: 38.0 | Wear: 54
[13:00:50] Step 34  | Risk: 0.0255 | Alert: HEALTHY  | Failure: None            | Air: 300.4 | ProcT: 310.4 | RPM: 1549 | Torque: 38.0 | Wear: 54
[13:00:51] Step 35  | Risk: 0.0210 | Alert: HEALTHY  | Failure: None            | Air: 300.3 | ProcT: 310.4 | RPM: 1550 | Torque: 38.0 | Wear: 55
[13:00:53] Step 36  | Risk: 0.0227 | Alert: HEALTHY  | Failure: None            | Air: 300.4 | ProcT: 310.4 | RPM: 1550 | Torque: 38.0 | Wear: 55
[13:00:55] Step 37  | Risk: 0.0207 | Alert: HEALTHY  | Failure: None            | Air: 300.3 | ProcT: 310.4 | RPM: 1549 | Torque: 38.0 | Wear: 55
[13:00:56] Step 38  | Risk: 0.0208 | Alert: HEALTHY  | Failure: None            | Air: 300.4 | ProcT: 310.4 | RPM: 1549 | Torque: 38.0 | Wear: 55
[13:00:57] Step 39  | Risk: 0.0203 | Alert: HEALTHY  | Failure: None            | Air: 300.3 | ProcT: 310.4 | RPM: 1548 | Torque: 38.0 | Wear: 55
[13:00:59] Step 40  | Risk: 0.0213 | Alert: HEALTHY  | Failure: None            | Air: 300.4 | ProcT: 310.4 | RPM: 1551 | Torque: 38.0 | Wear: 55
[13:01:00] Step 41  | Risk: 0.0226 | Alert: HEALTHY  | Failure: None            | Air: 300.4 | ProcT: 310.4 | RPM: 1548 | Torque: 38.0 | Wear: 56
[13:01:01] Step 42  | Risk: 0.0217 | Alert: HEALTHY  | Failure: None            | Air: 300.4 | ProcT: 310.4 | RPM: 1545 | Torque: 38.0 | Wear: 56
[13:01:03] Step 43  | Risk: 0.0234 | Alert: HEALTHY  | Failure: None            | Air: 300.4 | ProcT: 310.4 | RPM: 1551 | Torque: 38.0 | Wear: 56
[13:01:04] Step 44  | Risk: 0.0218 | Alert: HEALTHY  | Failure: None            | Air: 300.4 | ProcT: 310.4 | RPM: 1545 | Torque: 38.0 | Wear: 56
[13:01:06] Step 45  | Risk: 0.0207 | Alert: HEALTHY  | Failure: None            | Air: 300.4 | ProcT: 310.4 | RPM: 1547 | Torque: 38.0 | Wear: 56
[13:01:07] Step 46  | Risk: 0.0216 | Alert: HEALTHY  | Failure: None            | Air: 300.4 | ProcT: 310.4 | RPM: 1552 | Torque: 38.0 | Wear: 56
[13:01:08] Step 47  | Risk: 0.0216 | Alert: HEALTHY  | Failure: None            | Air: 300.4 | ProcT: 310.4 | RPM: 1553 | Torque: 38.0 | Wear: 56
[13:01:10] Step 48  | Risk: 0.0212 | Alert: HEALTHY  | Failure: None            | Air: 300.4 | ProcT: 310.4 | RPM: 1546 | Torque: 38.0 | Wear: 57
[13:01:11] Step 49  | Risk: 0.0208 | Alert: HEALTHY  | Failure: None            | Air: 300.4 | ProcT: 310.4 | RPM: 1547 | Torque: 38.0 | Wear: 57
[13:01:12] Step 50  | Risk: 0.0216 | Alert: HEALTHY  | Failure: None            | Air: 300.4 | ProcT: 310.4 | RPM: 1552 | Torque: 38.0 | Wear: 57
[13:01:14] Step 51  | Risk: 0.0244 | Alert: HEALTHY  | Failure: None            | Air: 300.5 | ProcT: 310.4 | RPM: 1547 | Torque: 38.0 | Wear: 57
[13:01:16] Step 52  | Risk: 0.0235 | Alert: HEALTHY  | Failure: None            | Air: 300.4 | ProcT: 310.4 | RPM: 1550 | Torque: 38.0 | Wear: 57
[13:01:17] Step 53  | Risk: 0.0224 | Alert: HEALTHY  | Failure: None            | Air: 300.4 | ProcT: 310.4 | RPM: 1549 | Torque: 38.0 | Wear: 57
[13:01:19] Step 54  | Risk: 0.0222 | Alert: HEALTHY  | Failure: None            | Air: 300.4 | ProcT: 310.4 | RPM: 1549 | Torque: 38.0 | Wear: 57
[13:01:20] Step 55  | Risk: 0.0235 | Alert: HEALTHY  | Failure: None            | Air: 300.5 | ProcT: 310.4 | RPM: 1547 | Torque: 38.0 | Wear: 58
[13:01:21] Step 56  | Risk: 0.0235 | Alert: HEALTHY  | Failure: None            | Air: 300.4 | ProcT: 310.4 | RPM: 1554 | Torque: 38.0 | Wear: 58
[13:01:23] Step 57  | Risk: 0.0308 | Alert: HEALTHY  | Failure: None            | Air: 300.5 | ProcT: 310.5 | RPM: 1546 | Torque: 38.0 | Wear: 58
[13:01:25] Step 58  | Risk: 0.0251 | Alert: HEALTHY  | Failure: None            | Air: 300.4 | ProcT: 310.4 | RPM: 1549 | Torque: 38.0 | Wear: 58
[13:01:26] Step 59  | Risk: 0.0211 | Alert: HEALTHY  | Failure: None            | Air: 300.4 | ProcT: 310.4 | RPM: 1546 | Torque: 38.0 | Wear: 58
[13:01:27] Step 60  | Risk: 0.0229 | Alert: HEALTHY  | Failure: None            | Air: 300.4 | ProcT: 310.4 | RPM: 1551 | Torque: 38.0 | Wear: 58
[13:01:29] Step 61  | Risk: 0.0215 | Alert: HEALTHY  | Failure: None            | Air: 300.4 | ProcT: 310.4 | RPM: 1545 | Torque: 38.0 | Wear: 59
[13:01:31] Step 62  | Risk: 0.0314 | Alert: HEALTHY  | Failure: None            | Air: 300.5 | ProcT: 310.5 | RPM: 1549 | Torque: 38.0 | Wear: 59
[13:01:32] Step 63  | Risk: 0.0288 | Alert: HEALTHY  | Failure: None            | Air: 300.5 | ProcT: 310.5 | RPM: 1547 | Torque: 38.0 | Wear: 59
[13:01:34] Step 64  | Risk: 0.0260 | Alert: HEALTHY  | Failure: None            | Air: 300.5 | ProcT: 310.5 | RPM: 1546 | Torque: 38.0 | Wear: 59
[13:01:36] Step 65  | Risk: 0.0225 | Alert: HEALTHY  | Failure: None            | Air: 300.4 | ProcT: 310.4 | RPM: 1548 | Torque: 38.0 | Wear: 59
[13:01:38] Step 66  | Risk: 0.0271 | Alert: HEALTHY  | Failure: None            | Air: 300.5 | ProcT: 310.5 | RPM: 1547 | Torque: 38.0 | Wear: 59
[13:01:39] Step 67  | Risk: 0.0251 | Alert: HEALTHY  | Failure: None            | Air: 300.5 | ProcT: 310.5 | RPM: 1549 | Torque: 38.0 | Wear: 59
[13:01:41] Step 68  | Risk: 0.0223 | Alert: HEALTHY  | Failure: None            | Air: 300.4 | ProcT: 310.5 | RPM: 1550 | Torque: 38.0 | Wear: 60
[13:01:42] Step 69  | Risk: 0.0219 | Alert: HEALTHY  | Failure: None            | Air: 300.5 | ProcT: 310.4 | RPM: 1552 | Torque: 38.0 | Wear: 60
[13:01:43] Step 70  | Risk: 0.0225 | Alert: HEALTHY  | Failure: None            | Air: 300.5 | ProcT: 310.4 | RPM: 1547 | Torque: 38.0 | Wear: 60
[13:01:45] Step 71  | Risk: 0.0228 | Alert: HEALTHY  | Failure: None            | Air: 300.5 | ProcT: 310.4 | RPM: 1546 | Torque: 38.0 | Wear: 60
[13:01:47] Step 72  | Risk: 0.0252 | Alert: HEALTHY  | Failure: None            | Air: 300.5 | ProcT: 310.4 | RPM: 1548 | Torque: 38.0 | Wear: 60
[13:01:48] Step 73  | Risk: 0.0291 | Alert: HEALTHY  | Failure: None            | Air: 300.4 | ProcT: 310.5 | RPM: 1554 | Torque: 38.0 | Wear: 60
[13:01:49] Step 74  | Risk: 0.0273 | Alert: HEALTHY  | Failure: None            | Air: 300.5 | ProcT: 310.5 | RPM: 1548 | Torque: 38.0 | Wear: 60
[13:01:51] Step 75  | Risk: 0.0252 | Alert: HEALTHY  | Failure: None            | Air: 300.5 | ProcT: 310.5 | RPM: 1546 | Torque: 38.0 | Wear: 61
[13:01:52] Step 76  | Risk: 0.0241 | Alert: HEALTHY  | Failure: None            | Air: 300.4 | ProcT: 310.5 | RPM: 1554 | Torque: 38.0 | Wear: 61
[13:01:53] Step 77  | Risk: 0.0220 | Alert: HEALTHY  | Failure: None            | Air: 300.5 | ProcT: 310.4 | RPM: 1552 | Torque: 38.0 | Wear: 61
[13:01:55] Step 78  | Risk: 0.0274 | Alert: HEALTHY  | Failure: None            | Air: 300.5 | ProcT: 310.5 | RPM: 1545 | Torque: 38.0 | Wear: 61
[13:01:57] Step 79  | Risk: 0.0255 | Alert: HEALTHY  | Failure: None            | Air: 300.5 | ProcT: 310.5 | RPM: 1547 | Torque: 38.0 | Wear: 61
[13:01:58] Step 80  | Risk: 0.0253 | Alert: HEALTHY  | Failure: None            | Air: 300.5 | ProcT: 310.5 | RPM: 1548 | Torque: 38.0 | Wear: 61
[13:02:00] Step 81  | Risk: 0.0239 | Alert: HEALTHY  | Failure: None            | Air: 300.4 | ProcT: 310.5 | RPM: 1547 | Torque: 38.0 | Wear: 62
[13:02:02] Step 82  | Risk: 0.0199 | Alert: HEALTHY  | Failure: None            | Air: 300.4 | ProcT: 310.4 | RPM: 1547 | Torque: 38.0 | Wear: 62
[13:02:03] Step 83  | Risk: 0.0250 | Alert: HEALTHY  | Failure: None            | Air: 300.4 | ProcT: 310.5 | RPM: 1547 | Torque: 38.0 | Wear: 62
[13:02:05] Step 84  | Risk: 0.0240 | Alert: HEALTHY  | Failure: None            | Air: 300.5 | ProcT: 310.5 | RPM: 1545 | Torque: 38.0 | Wear: 62
[13:02:06] Step 85  | Risk: 0.0258 | Alert: HEALTHY  | Failure: None            | Air: 300.5 | ProcT: 310.5 | RPM: 1550 | Torque: 38.0 | Wear: 62
[13:02:08] Step 86  | Risk: 0.0264 | Alert: HEALTHY  | Failure: None            | Air: 300.5 | ProcT: 310.5 | RPM: 1546 | Torque: 38.0 | Wear: 62
[13:02:09] Step 87  | Risk: 0.0264 | Alert: HEALTHY  | Failure: None            | Air: 300.5 | ProcT: 310.5 | RPM: 1554 | Torque: 38.0 | Wear: 62
[13:02:11] Step 88  | Risk: 0.0249 | Alert: HEALTHY  | Failure: None            | Air: 300.5 | ProcT: 310.5 | RPM: 1550 | Torque: 38.0 | Wear: 63
[13:02:12] Step 89  | Risk: 0.0230 | Alert: HEALTHY  | Failure: None            | Air: 300.5 | ProcT: 310.5 | RPM: 1548 | Torque: 38.0 | Wear: 63
[13:02:13] Step 90  | Risk: 0.0228 | Alert: HEALTHY  | Failure: None            | Air: 300.5 | ProcT: 310.5 | RPM: 1548 | Torque: 38.0 | Wear: 63
[13:02:15] Step 91  | Risk: 0.0226 | Alert: HEALTHY  | Failure: None            | Air: 300.5 | ProcT: 310.5 | RPM: 1547 | Torque: 38.0 | Wear: 63
[13:02:17] Step 92  | Risk: 0.0231 | Alert: HEALTHY  | Failure: None            | Air: 300.5 | ProcT: 310.5 | RPM: 1550 | Torque: 38.0 | Wear: 63
[13:02:19] Step 93  | Risk: 0.0237 | Alert: HEALTHY  | Failure: None            | Air: 300.5 | ProcT: 310.5 | RPM: 1553 | Torque: 38.0 | Wear: 63
[13:02:21] Step 94  | Risk: 0.0232 | Alert: HEALTHY  | Failure: None            | Air: 300.5 | ProcT: 310.5 | RPM: 1548 | Torque: 38.0 | Wear: 63
[13:02:22] Step 95  | Risk: 0.0231 | Alert: HEALTHY  | Failure: None            | Air: 300.5 | ProcT: 310.5 | RPM: 1548 | Torque: 38.0 | Wear: 64
[13:02:24] Step 96  | Risk: 0.0228 | Alert: HEALTHY  | Failure: None            | Air: 300.5 | ProcT: 310.5 | RPM: 1545 | Torque: 38.0 | Wear: 64
[13:02:25] Step 97  | Risk: 0.0241 | Alert: HEALTHY  | Failure: None            | Air: 300.5 | ProcT: 310.5 | RPM: 1553 | Torque: 38.0 | Wear: 64
[13:02:27] Step 98  | Risk: 0.0239 | Alert: HEALTHY  | Failure: None            | Air: 300.5 | ProcT: 310.5 | RPM: 1550 | Torque: 38.0 | Wear: 64
[13:02:28] Step 99  | Risk: 0.0269 | Alert: HEALTHY  | Failure: None            | Air: 300.6 | ProcT: 310.5 | RPM: 1547 | Torque: 38.0 | Wear: 64
[13:02:30] Step 100 | Risk: 0.0256 | Alert: HEALTHY  | Failure: None            | Air: 300.5 | ProcT: 310.5 | RPM: 1546 | Torque: 38.0 | Wear: 64
[13:02:31] Step 101 | Risk: 0.0245 | Alert: HEALTHY  | Failure: None            | Air: 300.5 | ProcT: 310.5 | RPM: 1546 | Torque: 38.0 | Wear: 65
[13:02:33] Step 102 | Risk: 0.0244 | Alert: HEALTHY  | Failure: None            | Air: 300.5 | ProcT: 310.5 | RPM: 1545 | Torque: 38.0 | Wear: 65
[13:02:34] Step 103 | Risk: 0.0293 | Alert: HEALTHY  | Failure: None            | Air: 300.5 | ProcT: 310.6 | RPM: 1550 | Torque: 38.0 | Wear: 65
[13:02:35] Step 104 | Risk: 0.0249 | Alert: HEALTHY  | Failure: None            | Air: 300.5 | ProcT: 310.5 | RPM: 1552 | Torque: 38.0 | Wear: 65
[13:02:37] Step 105 | Risk: 0.0297 | Alert: HEALTHY  | Failure: None            | Air: 300.5 | ProcT: 310.6 | RPM: 1553 | Torque: 38.0 | Wear: 65
[13:02:38] Step 106 | Risk: 0.0243 | Alert: HEALTHY  | Failure: None            | Air: 300.5 | ProcT: 310.5 | RPM: 1545 | Torque: 38.0 | Wear: 65
[13:02:40] Step 107 | Risk: 0.0307 | Alert: HEALTHY  | Failure: None            | Air: 300.6 | ProcT: 310.6 | RPM: 1546 | Torque: 38.0 | Wear: 65
[13:02:42] Step 108 | Risk: 0.0260 | Alert: HEALTHY  | Failure: None            | Air: 300.5 | ProcT: 310.5 | RPM: 1551 | Torque: 38.0 | Wear: 66
[13:02:43] Step 109 | Risk: 0.0265 | Alert: HEALTHY  | Failure: None            | Air: 300.6 | ProcT: 310.5 | RPM: 1547 | Torque: 38.0 | Wear: 66
[13:02:44] --- Session Reset ---
[13:02:45] Step 1   | Risk: 0.0236 | Alert: HEALTHY  | Failure: None            | Air: 300.5 | ProcT: 310.5 | RPM: 1550 | Torque: 38.0 | Wear: 66
[13:02:45] Step 2   | Risk: 0.7188 | Alert: CRITICAL | Failure: OSF             | Air: 301.1 | ProcT: 311.2 | RPM: 1498 | Torque: 38.3 | Wear: 50
[13:02:46] Step 3   | Risk: 0.3679 | Alert: WARNING  | Failure: TWF             | Air: 300.6 | ProcT: 310.5 | RPM: 1552 | Torque: 38.0 | Wear: 66
[13:02:46] Step 4   | Risk: 0.0419 | Alert: HEALTHY  | Failure: None            | Air: 300.6 | ProcT: 310.6 | RPM: 1484 | Torque: 39.2 | Wear: 52
[13:02:47] Step 5   | Risk: 0.0527 | Alert: HEALTHY  | Failure: None            | Air: 300.6 | ProcT: 310.6 | RPM: 1553 | Torque: 38.0 | Wear: 66
[13:02:48] Step 6   | Risk: 0.0268 | Alert: HEALTHY  | Failure: None            | Air: 299.2 | ProcT: 309.4 | RPM: 1487 | Torque: 41.3 | Wear: 54
[13:02:49] Step 7   | Risk: 0.8050 | Alert: CRITICAL | Failure: HDF             | Air: 301.6 | ProcT: 310.9 | RPM: 1517 | Torque: 38.7 | Wear: 56
[13:02:49] Step 8   | Risk: 0.4260 | Alert: WARNING  | Failure: TWF             | Air: 300.6 | ProcT: 310.5 | RPM: 1545 | Torque: 38.0 | Wear: 66
[13:02:51] Step 9   | Risk: 0.0253 | Alert: HEALTHY  | Failure: None            | Air: 300.0 | ProcT: 309.1 | RPM: 1493 | Torque: 41.0 | Wear: 58
[13:02:51] Step 10  | Risk: 0.8870 | Alert: CRITICAL | Failure: TWF             | Air: 300.5 | ProcT: 310.6 | RPM: 1554 | Torque: 38.0 | Wear: 66
[13:02:52] Step 11  | Risk: 0.4467 | Alert: WARNING  | Failure: TWF             | Air: 301.3 | ProcT: 309.0 | RPM: 1547 | Torque: 40.7 | Wear: 60
[13:02:53] Step 12  | Risk: 0.6091 | Alert: CRITICAL | Failure: OSF             | Air: 300.6 | ProcT: 310.5 | RPM: 1549 | Torque: 38.0 | Wear: 67
[13:02:54] Step 13  | Risk: 0.3257 | Alert: WARNING  | Failure: TWF             | Air: 299.2 | ProcT: 310.4 | RPM: 1503 | Torque: 38.2 | Wear: 62
[13:02:54] Step 14  | Risk: 0.1302 | Alert: HEALTHY  | Failure: None            | Air: 300.6 | ProcT: 310.6 | RPM: 1552 | Torque: 38.0 | Wear: 67
[13:02:55] Step 15  | Risk: 0.1180 | Alert: HEALTHY  | Failure: None            | Air: 300.6 | ProcT: 310.6 | RPM: 1549 | Torque: 38.0 | Wear: 67
[13:02:55] Step 16  | Risk: 0.0927 | Alert: HEALTHY  | Failure: None            | Air: 302.0 | ProcT: 309.8 | RPM: 1544 | Torque: 38.6 | Wear: 64
[13:02:56] Step 17  | Risk: 0.7702 | Alert: CRITICAL | Failure: TWF             | Air: 301.8 | ProcT: 310.3 | RPM: 1463 | Torque: 40.8 | Wear: 66
[13:02:57] Step 18  | Risk: 0.4581 | Alert: WARNING  | Failure: HDF             | Air: 300.6 | ProcT: 310.5 | RPM: 1545 | Torque: 38.0 | Wear: 67
[13:02:57] Step 19  | Risk: 0.1005 | Alert: HEALTHY  | Failure: None            | Air: 300.6 | ProcT: 310.0 | RPM: 1498 | Torque: 40.5 | Wear: 68
[13:02:58] Step 20  | Risk: 0.1585 | Alert: HEALTHY  | Failure: None            | Air: 300.6 | ProcT: 310.5 | RPM: 1545 | Torque: 38.0 | Wear: 67
[13:02:59] Step 21  | Risk: 0.1184 | Alert: HEALTHY  | Failure: None            | Air: 300.6 | ProcT: 311.0 | RPM: 1479 | Torque: 38.3 | Wear: 70
[13:02:59] Step 22  | Risk: 0.0494 | Alert: HEALTHY  | Failure: None            | Air: 300.6 | ProcT: 310.6 | RPM: 1550 | Torque: 38.0 | Wear: 67
[13:03:00] Step 23  | Risk: 0.0113 | Alert: HEALTHY  | Failure: None            | Air: 300.6 | ProcT: 308.9 | RPM: 1543 | Torque: 38.2 | Wear: 72
[13:03:01] Step 24  | Risk: 0.5430 | Alert: CRITICAL | Failure: OSF             | Air: 300.6 | ProcT: 310.6 | RPM: 1554 | Torque: 38.0 | Wear: 68
[13:03:02] Step 25  | Risk: 0.3943 | Alert: WARNING  | Failure: OSF             | Air: 300.2 | ProcT: 311.6 | RPM: 1383 | Torque: 42.4 | Wear: 81
[13:03:03] Step 26  | Risk: 0.1292 | Alert: HEALTHY  | Failure: None            | Air: 300.6 | ProcT: 310.6 | RPM: 1553 | Torque: 38.0 | Wear: 68
[13:03:03] Step 27  | Risk: 0.9980 | Alert: CRITICAL | Failure: HDF             | Air: 302.6 | ProcT: 312.4 | RPM: 1369 | Torque: 47.2 | Wear: 90
[13:03:04] Step 28  | Risk: 1.0000 | Alert: CRITICAL | Failure: TWF             | Air: 304.9 | ProcT: 315.7 | RPM: 1290 | Torque: 51.3 | Wear: 98
[13:03:04] Step 29  | Risk: 0.5000 | Alert: CRITICAL | Failure: TWF             | Air: 300.6 | ProcT: 310.6 | RPM: 1546 | Torque: 38.0 | Wear: 68
[13:03:05] Step 30  | Risk: 1.0000 | Alert: CRITICAL | Failure: OSF             | Air: 306.6 | ProcT: 317.8 | RPM: 1190 | Torque: 54.3 | Wear: 105
[13:03:06] Step 31  | Risk: 0.5000 | Alert: CRITICAL | Failure: TWF             | Air: 300.5 | ProcT: 310.6 | RPM: 1552 | Torque: 38.0 | Wear: 68
[13:03:07] Step 32  | Risk: 1.0000 | Alert: CRITICAL | Failure: HDF             | Air: 309.1 | ProcT: 319.2 | RPM: 1115 | Torque: 58.3 | Wear: 112
[13:03:08] Step 33  | Risk: 0.5000 | Alert: CRITICAL | Failure: TWF             | Air: 300.6 | ProcT: 310.5 | RPM: 1551 | Torque: 38.0 | Wear: 68
[13:03:08] Step 34  | Risk: 1.0000 | Alert: CRITICAL | Failure: HDF             | Air: 310.8 | ProcT: 321.5 | RPM: 1053 | Torque: 62.4 | Wear: 118
[13:03:09] Step 35  | Risk: 0.5000 | Alert: CRITICAL | Failure: TWF             | Air: 300.6 | ProcT: 310.6 | RPM: 1546 | Torque: 38.0 | Wear: 68
[13:03:10] Step 36  | Risk: 1.0000 | Alert: CRITICAL | Failure: HDF             | Air: 313.2 | ProcT: 322.9 | RPM: 981 | Torque: 66.0 | Wear: 124
[13:03:10] Step 37  | Risk: 0.5000 | Alert: CRITICAL | Failure: TWF             | Air: 300.6 | ProcT: 310.6 | RPM: 1553 | Torque: 38.0 | Wear: 68
[13:03:12] Step 38  | Risk: 1.0000 | Alert: CRITICAL | Failure: HDF             | Air: 315.0 | ProcT: 325.0 | RPM: 900 | Torque: 70.0 | Wear: 130
[13:03:12] Step 39  | Risk: 0.5000 | Alert: CRITICAL | Failure: TWF             | Air: 300.6 | ProcT: 310.6 | RPM: 1550 | Torque: 38.0 | Wear: 69
