[00:00:01] Step 94  | Risk: 0.3400 | Alert: HEALTHY  | Failure: None            | Air: 298.2 | ProcT: 311.4 | RPM: 1453 | Torque: 39.0 | Wear: 76
[00:00:02] Step 95  | Risk: 0.3229 | Alert: HEALTHY  | Failure: None            | Air: 298.8 | ProcT: 308.1 | RPM: 1459 | Torque: 39.6 | Wear: 78
[00:00:04] Step 96  | Risk: 0.0229 | Alert: HEALTHY  | Failure: None            | Air: 299.4 | ProcT: 308.3 | RPM: 1490 | Torque: 40.9 | Wear: 80
[00:00:06] Step 97  | Risk: 0.3544 | Alert: HEALTHY  | Failure: None            | Air: 302.0 | ProcT: 311.5 | RPM: 1512 | Torque: 41.0 | Wear: 82
[00:00:08] Step 98  | Risk: 0.3566 | Alert: HEALTHY  | Failure: None            | Air: 298.6 | ProcT: 309.6 | RPM: 1528 | Torque: 41.3 | Wear: 84
[00:00:09] Step 99  | Risk: 0.6643 | Alert: WARNING  | Failure: TWF             | Air: 300.9 | ProcT: 310.8 | RPM: 1480 | Torque: 41.6 | Wear: 86
[00:00:10] Step 100 | Risk: 0.3372 | Alert: HEALTHY  | Failure: None            | Air: 298.6 | ProcT: 309.6 | RPM: 1540 | Torque: 38.5 | Wear: 88
[00:00:12] Step 101 | Risk: 0.3640 | Alert: HEALTHY  | Failure: None            | Air: 299.0 | ProcT: 311.0 | RPM: 1533 | Torque: 40.3 | Wear: 50
[00:00:14] Step 102 | Risk: 0.3264 | Alert: HEALTHY  | Failure: None            | Air: 301.7 | ProcT: 311.4 | RPM: 1495 | Torque: 41.2 | Wear: 52
[00:00:15] Step 103 | Risk: 0.3218 | Alert: HEALTHY  | Failure: None            | Air: 299.7 | ProcT: 310.6 | RPM: 1523 | Torque: 38.0 | Wear: 54
[00:00:17] Step 104 | Risk: 0.2940 | Alert: HEALTHY  | Failure: None            | Air: 300.7 | ProcT: 308.1 | RPM: 1481 | Torque: 39.2 | Wear: 56
[00:00:18] Step 105 | Risk: 0.3343 | Alert: HEALTHY  | Failure: None            | Air: 300.6 | ProcT: 311.4 | RPM: 1511 | Torque: 41.4 | Wear: 58
[00:00:20] Step 106 | Risk: 0.3331 | Alert: HEALTHY  | Failure: None            | Air: 301.7 | ProcT: 308.6 | RPM: 1545 | Torque: 40.2 | Wear: 60
[00:00:21] Step 107 | Risk: 0.4259 | Alert: HEALTHY  | Failure: None            | Air: 301.8 | ProcT: 308.4 | RPM: 1464 | Torque: 38.2 | Wear: 62
[00:00:23] Step 108 | Risk: 0.3918 | Alert: HEALTHY  | Failure: None            | Air: 298.9 | ProcT: 310.6 | RPM: 1493 | Torque: 38.0 | Wear: 64
[00:00:24] Step 109 | Risk: 0.3916 | Alert: HEALTHY  | Failure: None            | Air: 298.3 | ProcT: 308.7 | RPM: 1461 | Torque: 38.7 | Wear: 66
[00:00:26] Step 110 | Risk: 0.5669 | Alert: HEALTHY  | Failure: None            | Air: 300.7 | ProcT: 309.6 | RPM: 1525 | Torque: 39.8 | Wear: 68
[00:00:27] Step 111 | Risk: 0.3107 | Alert: HEALTHY  | Failure: None            | Air: 301.7 | ProcT: 308.3 | RPM: 1454 | Torque: 41.7 | Wear: 70
[00:00:29] Step 112 | Risk: 0.5634 | Alert: HEALTHY  | Failure: None            | Air: 301.2 | ProcT: 308.9 | RPM: 1456 | Torque: 38.6 | Wear: 72
[00:00:31] Step 113 | Risk: 0.6190 | Alert: WARNING  | Failure: TWF             | Air: 301.3 | ProcT: 309.5 | RPM: 1515 | Torque: 38.8 | Wear: 74
[00:00:33] Step 114 | Risk: 0.7509 | Alert: WARNING  | Failure: HDF             | Air: 299.7 | ProcT: 310.5 | RPM: 1461 | Torque: 39.3 | Wear: 76
[00:00:34] Step 115 | Risk: 0.8051 | Alert: CRITICAL | Failure: TWF             | Air: 301.9 | ProcT: 311.0 | RPM: 1539 | Torque: 39.8 | Wear: 78
[00:00:35] Step 116 | Risk: 0.4857 | Alert: WARNING  | Failure: TWF             | Air: 300.2 | ProcT: 309.6 | RPM: 1458 | Torque: 40.8 | Wear: 80
[00:00:36] Step 117 | Risk: 0.3226 | Alert: HEALTHY  | Failure: None            | Air: 299.2 | ProcT: 309.7 | RPM: 1456 | Torque: 39.0 | Wear: 82
[00:00:38] Step 118 | Risk: 0.3227 | Alert: HEALTHY  | Failure: None            | Air: 301.2 | ProcT: 310.8 | RPM: 1535 | Torque: 41.3 | Wear: 84
[00:00:40] Step 119 | Risk: 0.4013 | Alert: HEALTHY  | Failure: None            | Air: 301.4 | ProcT: 311.0 | RPM: 1471 | Torque: 41.0 | Wear: 86
[00:00:42] Step 120 | Risk: 0.3913 | Alert: HEALTHY  | Failure: None            | Air: 300.1 | ProcT: 308.1 | RPM: 1460 | Torque: 39.3 | Wear: 88
[00:00:43] Step 121 | Risk: 0.1368 | Alert: HEALTHY  | Failure: None            | Air: 300.1 | ProcT: 308.2 | RPM: 1462 | Torque: 39.5 | Wear: 50
[00:00:45] Step 122 | Risk: 0.2956 | Alert: HEALTHY  | Failure: None            | Air: 298.1 | ProcT: 310.9 | RPM: 1498 | Torque: 41.0 | Wear: 52
[00:00:47] Step 123 | Risk: 0.2965 | Alert: HEALTHY  | Failure: None            | Air: 299.8 | ProcT: 309.6 | RPM: 1458 | Torque: 40.1 | Wear: 54
[00:00:48] Step 124 | Risk: 0.5733 | Alert: HEALTHY  | Failure: None            | Air: 300.6 | ProcT: 311.7 | RPM: 1541 | Torque: 39.5 | Wear: 56
[00:00:50] Step 125 | Risk: 0.3310 | Alert: HEALTHY  | Failure: None            | Air: 301.3 | ProcT: 308.0 | RPM: 1525 | Torque: 40.2 | Wear: 58
[00:00:51] Step 126 | Risk: 0.6465 | Alert: WARNING  | Failure: HDF             | Air: 298.5 | ProcT: 310.9 | RPM: 1479 | Torque: 41.6 | Wear: 60
[00:00:53] Step 127 | Risk: 0.3213 | Alert: HEALTHY  | Failure: None            | Air: 300.7 | ProcT: 309.1 | RPM: 1462 | Torque: 40.5 | Wear: 62
[00:00:54] Step 128 | Risk: 0.4769 | Alert: HEALTHY  | Failure: None            | Air: 301.6 | ProcT: 309.7 | RPM: 1458 | Torque: 40.2 | Wear: 64
[00:00:56] Step 129 | Risk: 0.4405 | Alert: HEALTHY  | Failure: None            | Air: 299.3 | ProcT: 311.2 | RPM: 1516 | Torque: 41.3 | Wear: 66
[00:00:58] Step 130 | Risk: 0.7260 | Alert: WARNING  | Failure: TWF             | Air: 301.2 | ProcT: 311.9 | RPM: 1531 | Torque: 38.7 | Wear: 68
[00:00:59] Step 131 | Risk: 0.5779 | Alert: WARNING  | Failure: TWF             | Air: 301.1 | ProcT: 310.0 | RPM: 1516 | Torque: 41.6 | Wear: 70
[00:01:00] Step 132 | Risk: 0.2990 | Alert: HEALTHY  | Failure: None            | Air: 300.2 | ProcT: 308.5 | RPM: 1528 | Torque: 40.7 | Wear: 72
[00:01:02] Step 133 | Risk: 0.1080 | Alert: HEALTHY  | Failure: None            | Air: 299.4 | ProcT: 309.6 | RPM: 1538 | Torque: 40.4 | Wear: 74
[00:01:04] Step 134 | Risk: 0.1011 | Alert: HEALTHY  | Failure: None            | Air: 300.2 | ProcT: 308.7 | RPM: 1482 | Torque: 39.4 | Wear: 76
[00:01:05] Step 135 | Risk: 0.3777 | Alert: HEALTHY  | Failure: None            | Air: 301.3 | ProcT: 310.2 | RPM: 1503 | Torque: 38.9 | Wear: 78
[00:01:07] Step 136 | Risk: 0.2989 | Alert: HEALTHY  | Failure: None            | Air: 300.3 | ProcT: 309.0 | RPM: 1519 | Torque: 41.1 | Wear: 80
[00:01:08] Step 137 | Risk: 0.6244 | Alert: WARNING  | Failure: OSF             | Air: 298.4 | ProcT: 312.0 | RPM: 1532 | Torque: 41.3 | Wear: 82
[00:01:10] Step 138 | Risk: 0.3478 | Alert: HEALTHY  | Failure: None            | Air: 300.6 | ProcT: 309.5 | RPM: 1456 | Torque: 39.0 | Wear: 84
[00:01:11] Step 139 | Risk: 0.3609 | Alert: HEALTHY  | Failure: None            | Air: 298.6 | ProcT: 310.5 | RPM: 1497 | Torque: 40.4 | Wear: 86
[00:01:12] Step 140 | Risk: 0.0832 | Alert: HEALTHY  | Failure: None            | Air: 298.2 | ProcT: 311.6 | RPM: 1519 | Torque: 38.6 | Wear: 88
[00:01:14] Step 141 | Risk: 0.0822 | Alert: HEALTHY  | Failure: None            | Air: 299.0 | ProcT: 310.0 | RPM: 1457 | Torque: 38.4 | Wear: 50
[00:01:15] Step 142 | Risk: 0.1068 | Alert: HEALTHY  | Failure: None            | Air: 298.1 | ProcT: 311.6 | RPM: 1517 | Torque: 40.9 | Wear: 52
[00:01:17] Step 143 | Risk: 0.0576 | Alert: HEALTHY  | Failure: None            | Air: 298.4 | ProcT: 308.1 | RPM: 1464 | Torque: 39.3 | Wear: 54
[00:01:18] Step 144 | Risk: 0.1593 | Alert: HEALTHY  | Failure: None            | Air: 299.1 | ProcT: 309.7 | RPM: 1545 | Torque: 39.9 | Wear: 56
[00:01:20] Step 145 | Risk: 0.4070 | Alert: HEALTHY  | Failure: None            | Air: 300.2 | ProcT: 311.8 | RPM: 1475 | Torque: 40.9 | Wear: 58
[00:01:22] Step 146 | Risk: 0.4829 | Alert: HEALTHY  | Failure: None            | Air: 301.8 | ProcT: 310.7 | RPM: 1471 | Torque: 41.6 | Wear: 60
[00:01:23] Step 147 | Risk: 0.3881 | Alert: HEALTHY  | Failure: None            | Air: 300.6 | ProcT: 308.6 | RPM: 1466 | Torque: 38.1 | Wear: 62
[00:01:24] Step 148 | Risk: 0.2948 | Alert: HEALTHY  | Failure: None            | Air: 298.9 | ProcT: 310.1 | RPM: 1529 | Torque: 39.6 | Wear: 64
[00:01:26] Step 149 | Risk: 0.2193 | Alert: HEALTHY  | Failure: None            | Air: 299.2 | ProcT: 308.2 | RPM: 1547 | Torque: 41.1 | Wear: 66
[00:01:27] Step 150 | Risk: 0.5433 | Alert: HEALTHY  | Failure: None            | Air: 301.9 | ProcT: 311.0 | RPM: 1496 | Torque: 40.8 | Wear: 68
[00:01:29] Step 151 | Risk: 0.3508 | Alert: HEALTHY  | Failure: None            | Air: 299.0 | ProcT: 310.6 | RPM: 1457 | Torque: 40.9 | Wear: 70
[00:01:31] Step 152 | Risk: 0.6696 | Alert: WARNING  | Failure: TWF             | Air: 301.7 | ProcT: 311.5 | RPM: 1533 | Torque: 39.1 | Wear: 72
[00:01:32] Step 153 | Risk: 0.3717 | Alert: HEALTHY  | Failure: None            | Air: 299.1 | ProcT: 311.0 | RPM: 1504 | Torque: 38.2 | Wear: 74
[00:01:33] Step 154 | Risk: 0.3593 | Alert: HEALTHY  | Failure: None            | Air: 298.8 | ProcT: 311.6 | RPM: 1479 | Torque: 40.3 | Wear: 76
[00:01:35] Step 155 | Risk: 0.0400 | Alert: HEALTHY  | Failure: None            | Air: 298.1 | ProcT: 309.1 | RPM: 1479 | Torque: 38.8 | Wear: 78
[00:01:37] Step 156 | Risk: 0.0119 | Alert: HEALTHY  | Failure: None            | Air: 299.8 | ProcT: 309.2 | RPM: 1494 | Torque: 41.2 | Wear: 80
[00:01:38] Step 157 | Risk: 0.2190 | Alert: HEALTHY  | Failure: None            | Air: 299.4 | ProcT: 311.3 | RPM: 1502 | Torque: 39.7 | Wear: 82
[00:01:40] Step 158 | Risk: 0.2191 | Alert: HEALTHY  | Failure: None            | Air: 298.2 | ProcT: 309.7 | RPM: 1534 | Torque: 39.9 | Wear: 84
[00:01:41] Step 159 | Risk: 0.2402 | Alert: HEALTHY  | Failure: None            | Air: 298.2 | ProcT: 310.1 | RPM: 1521 | Torque: 38.0 | Wear: 86
[00:09:13] --- Session Reset ---
[00:09:14] Step 1   | Risk: 0.0189 | Alert: HEALTHY  | Failure: None            | Air: 300.3 | ProcT: 310.3 | RPM: 1552 | Torque: 38.0 | Wear: 50
[00:09:16] Step 2   | Risk: 0.0189 | Alert: HEALTHY  | Failure: None            | Air: 300.3 | ProcT: 310.3 | RPM: 1547 | Torque: 38.0 | Wear: 50
[00:09:17] Step 3   | Risk: 0.0189 | Alert: HEALTHY  | Failure: None            | Air: 300.3 | ProcT: 310.3 | RPM: 1547 | Torque: 38.0 | Wear: 50
[00:09:19] Step 4   | Risk: 0.0191 | Alert: HEALTHY  | Failure: None            | Air: 300.3 | ProcT: 310.3 | RPM: 1552 | Torque: 38.0 | Wear: 50
[00:09:20] Step 5   | Risk: 0.0192 | Alert: HEALTHY  | Failure: None            | Air: 300.3 | ProcT: 310.3 | RPM: 1549 | Torque: 38.0 | Wear: 50
[00:09:21] Step 6   | Risk: 0.0225 | Alert: HEALTHY  | Failure: None            | Air: 300.4 | ProcT: 310.4 | RPM: 1554 | Torque: 38.0 | Wear: 50
[00:09:23] Step 7   | Risk: 0.0217 | Alert: HEALTHY  | Failure: None            | Air: 300.3 | ProcT: 310.3 | RPM: 1552 | Torque: 38.0 | Wear: 50
[00:09:25] Step 8   | Risk: 0.0237 | Alert: HEALTHY  | Failure: None            | Air: 300.3 | ProcT: 310.4 | RPM: 1553 | Torque: 38.0 | Wear: 51
[00:09:26] Step 9   | Risk: 0.0196 | Alert: HEALTHY  | Failure: None            | Air: 300.3 | ProcT: 310.3 | RPM: 1548 | Torque: 38.0 | Wear: 51
[00:09:28] Step 10  | Risk: 0.0206 | Alert: HEALTHY  | Failure: None            | Air: 300.4 | ProcT: 310.3 | RPM: 1552 | Torque: 38.0 | Wear: 51
[00:09:29] Step 11  | Risk: 0.0188 | Alert: HEALTHY  | Failure: None            | Air: 300.3 | ProcT: 310.3 | RPM: 1545 | Torque: 38.0 | Wear: 51
[00:09:30] Step 12  | Risk: 0.0201 | Alert: HEALTHY  | Failure: None            | Air: 300.3 | ProcT: 310.3 | RPM: 1554 | Torque: 38.0 | Wear: 51
[00:09:32] Step 13  | Risk: 0.0204 | Alert: HEALTHY  | Failure: None            | Air: 300.3 | ProcT: 310.3 | RPM: 1553 | Torque: 38.0 | Wear: 51
[00:09:34] Step 14  | Risk: 0.0205 | Alert: HEALTHY  | Failure: None            | Air: 300.3 | ProcT: 310.3 | RPM: 1554 | Torque: 38.0 | Wear: 51
[00:09:35] Step 15  | Risk: 0.0214 | Alert: HEALTHY  | Failure: None            | Air: 300.4 | ProcT: 310.3 | RPM: 1550 | Torque: 38.0 | Wear: 52
[00:09:37] Step 16  | Risk: 0.0213 | Alert: HEALTHY  | Failure: None            | Air: 300.3 | ProcT: 310.3 | RPM: 1554 | Torque: 38.0 | Wear: 52
[00:09:38] Step 17  | Risk: 0.0229 | Alert: HEALTHY  | Failure: None            | Air: 300.3 | ProcT: 310.4 | RPM: 1545 | Torque: 38.0 | Wear: 52
[00:09:39] Step 18  | Risk: 0.0234 | Alert: HEALTHY  | Failure: None            | Air: 300.4 | ProcT: 310.4 | RPM: 1553 | Torque: 38.0 | Wear: 52
[00:09:41] Step 19  | Risk: 0.0220 | Alert: HEALTHY  | Failure: None            | Air: 300.3 | ProcT: 310.3 | RPM: 1553 | Torque: 38.0 | Wear: 52
[00:09:42] Step 20  | Risk: 0.0206 | Alert: HEALTHY  | Failure: None            | Air: 300.3 | ProcT: 310.3 | RPM: 1551 | Torque: 38.0 | Wear: 52
[00:09:43] Step 21  | Risk: 0.0203 | Alert: HEALTHY  | Failure: None            | Air: 300.3 | ProcT: 310.4 | RPM: 1547 | Torque: 38.0 | Wear: 53
[00:09:45] Step 22  | Risk: 0.0217 | Alert: HEALTHY  | Failure: None            | Air: 300.4 | ProcT: 310.4 | RPM: 1549 | Torque: 38.0 | Wear: 53
[00:09:46] Step 23  | Risk: 0.0217 | Alert: HEALTHY  | Failure: None            | Air: 300.4 | ProcT: 310.3 | RPM: 1554 | Torque: 38.0 | Wear: 53
[00:09:48] Step 24  | Risk: 0.0207 | Alert: HEALTHY  | Failure: None            | Air: 300.3 | ProcT: 310.3 | RPM: 1549 | Torque: 38.0 | Wear: 53
[00:09:49] Step 25  | Risk: 0.0206 | Alert: HEALTHY  | Failure: None            | Air: 300.3 | ProcT: 310.3 | RPM: 1553 | Torque: 38.0 | Wear: 53
[00:09:51] Step 26  | Risk: 0.0203 | Alert: HEALTHY  | Failure: None            | Air: 300.3 | ProcT: 310.3 | RPM: 1551 | Torque: 38.0 | Wear: 53
[00:09:52] Step 27  | Risk: 0.0198 | Alert: HEALTHY  | Failure: None            | Air: 300.3 | ProcT: 310.3 | RPM: 1549 | Torque: 38.0 | Wear: 53
[00:09:54] Step 28  | Risk: 0.0211 | Alert: HEALTHY  | Failure: None            | Air: 300.3 | ProcT: 310.4 | RPM: 1550 | Torque: 38.0 | Wear: 54
[00:09:56] Step 29  | Risk: 0.0203 | Alert: HEALTHY  | Failure: None            | Air: 300.3 | ProcT: 310.3 | RPM: 1551 | Torque: 38.0 | Wear: 54
[00:09:57] Step 30  | Risk: 0.0236 | Alert: HEALTHY  | Failure: None            | Air: 300.4 | ProcT: 310.4 | RPM: 1553 | Torque: 38.0 | Wear: 54
[00:09:58] Step 31  | Risk: 0.0219 | Alert: HEALTHY  | Failure: None            | Air: 300.4 | ProcT: 310.3 | RPM: 1550 | Torque: 38.0 | Wear: 54
[00:10:00] Step 32  | Risk: 0.0237 | Alert: HEALTHY  | Failure: None            | Air: 300.4 | ProcT: 310.3 | RPM: 1548 | Torque: 38.0 | Wear: 54
[00:10:01] Step 33  | Risk: 0.0240 | Alert: HEALTHY  | Failure: None            | Air: 300.4 | ProcT: 310.4 | RPM: 1552 | Torque: 38.0 | Wear: 54
[00:10:02] Step 34  | Risk: 0.0245 | Alert: HEALTHY  | Failure: None            | Air: 300.4 | ProcT: 310.4 | RPM: 1549 | Torque: 38.0 | Wear: 54
[00:10:04] Step 35  | Risk: 0.0240 | Alert: HEALTHY  | Failure: None            | Air: 300.3 | ProcT: 310.4 | RPM: 1550 | Torque: 38.0 | Wear: 55
[00:10:06] Step 36  | Risk: 0.0216 | Alert: HEALTHY  | Failure: None            | Air: 300.4 | ProcT: 310.4 | RPM: 1550 | Torque: 38.0 | Wear: 55
[00:10:07] Step 37  | Risk: 0.0208 | Alert: HEALTHY  | Failure: None            | Air: 300.3 | ProcT: 310.4 | RPM: 1549 | Torque: 38.0 | Wear: 55
[00:10:09] Step 38  | Risk: 0.0208 | Alert: HEALTHY  | Failure: None            | Air: 300.4 | ProcT: 310.4 | RPM: 1549 | Torque: 38.0 | Wear: 55
[00:10:10] Step 39  | Risk: 0.0198 | Alert: HEALTHY  | Failure: None            | Air: 300.3 | ProcT: 310.4 | RPM: 1548 | Torque: 38.0 | Wear: 55
[00:10:11] Step 40  | Risk: 0.0206 | Alert: HEALTHY  | Failure: None            | Air: 300.4 | ProcT: 310.4 | RPM: 1551 | Torque: 38.0 | Wear: 55
[00:10:12] Step 41  | Risk: 0.0212 | Alert: HEALTHY  | Failure: None            | Air: 300.4 | ProcT: 310.4 | RPM: 1548 | Torque: 38.0 | Wear: 56
[00:10:13] Step 42  | Risk: 0.0215 | Alert: HEALTHY  | Failure: None            | Air: 300.4 | ProcT: 310.4 | RPM: 1545 | Torque: 38.0 | Wear: 56
[00:10:15] Step 43  | Risk: 0.0222 | Alert: HEALTHY  | Failure: None            | Air: 300.4 | ProcT: 310.4 | RPM: 1551 | Torque: 38.0 | Wear: 56
[00:10:16] Step 44  | Risk: 0.0215 | Alert: HEALTHY  | Failure: None            | Air: 300.4 | ProcT: 310.4 | RPM: 1545 | Torque: 38.0 | Wear: 56
[00:10:17] Step 45  | Risk: 0.0215 | Alert: HEALTHY  | Failure: None            | Air: 300.4 | ProcT: 310.4 | RPM: 1547 | Torque: 38.0 | Wear: 56
[00:10:19] Step 46  | Risk: 0.0209 | Alert: HEALTHY  | Failure: None            | Air: 300.4 | ProcT: 310.4 | RPM: 1552 | Torque: 38.0 | Wear: 56
[00:10:21] Step 47  | Risk: 0.0213 | Alert: HEALTHY  | Failure: None            | Air: 300.4 | ProcT: 310.4 | RPM: 1553 | Torque: 38.0 | Wear: 56
[00:10:22] Step 48  | Risk: 0.0214 | Alert: HEALTHY  | Failure: None            | Air: 300.4 | ProcT: 310.4 | RPM: 1546 | Torque: 38.0 | Wear: 57
[00:10:24] Step 49  | Risk: 0.0211 | Alert: HEALTHY  | Failure: None            | Air: 300.4 | ProcT: 310.4 | RPM: 1547 | Torque: 38.0 | Wear: 57
[00:10:25] Step 50  | Risk: 0.0211 | Alert: HEALTHY  | Failure: None            | Air: 300.4 | ProcT: 310.4 | RPM: 1552 | Torque: 38.0 | Wear: 57
[00:10:27] Step 51  | Risk: 0.0222 | Alert: HEALTHY  | Failure: None            | Air: 300.5 | ProcT: 310.4 | RPM: 1547 | Torque: 38.0 | Wear: 57
[00:10:28] Step 52  | Risk: 0.0229 | Alert: HEALTHY  | Failure: None            | Air: 300.4 | ProcT: 310.4 | RPM: 1550 | Torque: 38.0 | Wear: 57
[00:10:30] Step 53  | Risk: 0.0231 | Alert: HEALTHY  | Failure: None            | Air: 300.4 | ProcT: 310.4 | RPM: 1549 | Torque: 38.0 | Wear: 57
[00:10:32] Step 54  | Risk: 0.0224 | Alert: HEALTHY  | Failure: None            | Air: 300.4 | ProcT: 310.4 | RPM: 1549 | Torque: 38.0 | Wear: 57
[00:10:33] Step 55  | Risk: 0.0227 | Alert: HEALTHY  | Failure: None            | Air: 300.5 | ProcT: 310.4 | RPM: 1547 | Torque: 38.0 | Wear: 58
[00:10:35] Step 56  | Risk: 0.0231 | Alert: HEALTHY  | Failure: None            | Air: 300.4 | ProcT: 310.4 | RPM: 1554 | Torque: 38.0 | Wear: 58
[00:10:37] Step 57  | Risk: 0.0259 | Alert: HEALTHY  | Failure: None            | Air: 300.5 | ProcT: 310.5 | RPM: 1546 | Torque: 38.0 | Wear: 58
[00:10:38] Step 58  | Risk: 0.0245 | Alert: HEALTHY  | Failure: None            | Air: 300.4 | ProcT: 310.4 | RPM: 1549 | Torque: 38.0 | Wear: 58
[00:10:40] Step 59  | Risk: 0.0237 | Alert: HEALTHY  | Failure: None            | Air: 300.4 | ProcT: 310.4 | RPM: 1546 | Torque: 38.0 | Wear: 58
[00:10:42] Step 60  | Risk: 0.0211 | Alert: HEALTHY  | Failure: None            | Air: 300.4 | ProcT: 310.4 | RPM: 1551 | Torque: 38.0 | Wear: 58
[00:10:43] Step 61  | Risk: 0.0213 | Alert: HEALTHY  | Failure: None            | Air: 300.4 | ProcT: 310.4 | RPM: 1545 | Torque: 38.0 | Wear: 59
[00:10:44] Step 62  | Risk: 0.0248 | Alert: HEALTHY  | Failure: None            | Air: 300.5 | ProcT: 310.5 | RPM: 1549 | Torque: 38.0 | Wear: 59
[00:10:46] Step 63  | Risk: 0.0259 | Alert: HEALTHY  | Failure: None            | Air: 300.5 | ProcT: 310.5 | RPM: 1547 | Torque: 38.0 | Wear: 59
[00:10:48] Step 64  | Risk: 0.0278 | Alert: HEALTHY  | Failure: None            | Air: 300.5 | ProcT: 310.5 | RPM: 1546 | Torque: 38.0 | Wear: 59
[00:10:50] Step 65  | Risk: 0.0237 | Alert: HEALTHY  | Failure: None            | Air: 300.4 | ProcT: 310.4 | RPM: 1548 | Torque: 38.0 | Wear: 59
[00:10:51] Step 66  | Risk: 0.0240 | Alert: HEALTHY  | Failure: None            | Air: 300.5 | ProcT: 310.5 | RPM: 1547 | Torque: 38.0 | Wear: 59
[00:10:52] Step 67  | Risk: 0.0231 | Alert: HEALTHY  | Failure: None            | Air: 300.5 | ProcT: 310.5 | RPM: 1549 | Torque: 38.0 | Wear: 59
[00:10:54] Step 68  | Risk: 0.0239 | Alert: HEALTHY  | Failure: None            | Air: 300.4 | ProcT: 310.5 | RPM: 1550 | Torque: 38.0 | Wear: 60
[00:10:55] Step 69  | Risk: 0.0222 | Alert: HEALTHY  | Failure: None            | Air: 300.5 | ProcT: 310.4 | RPM: 1552 | Torque: 38.0 | Wear: 60
[00:10:57] Step 70  | Risk: 0.0219 | Alert: HEALTHY  | Failure: None            | Air: 300.5 | ProcT: 310.4 | RPM: 1547 | Torque: 38.0 | Wear: 60
[00:10:58] Step 71  | Risk: 0.0224 | Alert: HEALTHY  | Failure: None            | Air: 300.5 | ProcT: 310.4 | RPM: 1546 | Torque: 38.0 | Wear: 60
[00:11:00] Step 72  | Risk: 0.0235 | Alert: HEALTHY  | Failure: None            | Air: 300.5 | ProcT: 310.4 | RPM: 1548 | Torque: 38.0 | Wear: 60
[00:11:02] Step 73  | Risk: 0.0257 | Alert: HEALTHY  | Failure: None            | Air: 300.4 | ProcT: 310.5 | RPM: 1554 | Torque: 38.0 | Wear: 60
[00:11:03] Step 74  | Risk: 0.0266 | Alert: HEALTHY  | Failure: None            | Air: 300.5 | ProcT: 310.5 | RPM: 1548 | Torque: 38.0 | Wear: 60
[00:11:05] Step 75  | Risk: 0.0265 | Alert: HEALTHY  | Failure: None            | Air: 300.5 | ProcT: 310.5 | RPM: 1546 | Torque: 38.0 | Wear: 61
[10:47:41] --- Session Reset ---
[10:47:43] Step 1   | Risk: 0.0189 | Alert: HEALTHY  | Failure: None            | Air: 300.3 | ProcT: 310.3 | RPM: 1552 | Torque: 38.0 | Wear: 50
[10:47:44] Step 2   | Risk: 0.0189 | Alert: HEALTHY  | Failure: None            | Air: 300.3 | ProcT: 310.3 | RPM: 1547 | Torque: 38.0 | Wear: 50
[10:47:45] Step 3   | Risk: 0.0189 | Alert: HEALTHY  | Failure: None            | Air: 300.3 | ProcT: 310.3 | RPM: 1547 | Torque: 38.0 | Wear: 50
[10:47:47] Step 4   | Risk: 0.0191 | Alert: HEALTHY  | Failure: None            | Air: 300.3 | ProcT: 310.3 | RPM: 1552 | Torque: 38.0 | Wear: 50
[10:47:49] Step 5   | Risk: 0.0192 | Alert: HEALTHY  | Failure: None            | Air: 300.3 | ProcT: 310.3 | RPM: 1549 | Torque: 38.0 | Wear: 50
[10:47:50] Step 6   | Risk: 0.0225 | Alert: HEALTHY  | Failure: None            | Air: 300.4 | ProcT: 310.4 | RPM: 1554 | Torque: 38.0 | Wear: 50
[10:47:52] Step 7   | Risk: 0.0217 | Alert: HEALTHY  | Failure: None            | Air: 300.3 | ProcT: 310.3 | RPM: 1552 | Torque: 38.0 | Wear: 50
[10:47:53] Step 8   | Risk: 0.0237 | Alert: HEALTHY  | Failure: None            | Air: 300.3 | ProcT: 310.4 | RPM: 1553 | Torque: 38.0 | Wear: 51
[10:47:55] Step 9   | Risk: 0.0196 | Alert: HEALTHY  | Failure: None            | Air: 300.3 | ProcT: 310.3 | RPM: 1548 | Torque: 38.0 | Wear: 51
[10:47:56] Step 10  | Risk: 0.0206 | Alert: HEALTHY  | Failure: None            | Air: 300.4 | ProcT: 310.3 | RPM: 1552 | Torque: 38.0 | Wear: 51
[10:47:58] Step 11  | Risk: 0.0188 | Alert: HEALTHY  | Failure: None            | Air: 300.3 | ProcT: 310.3 | RPM: 1545 | Torque: 38.0 | Wear: 51
[10:48:00] Step 12  | Risk: 0.0201 | Alert: HEALTHY  | Failure: None            | Air: 300.3 | ProcT: 310.3 | RPM: 1554 | Torque: 38.0 | Wear: 51
[10:48:01] Step 13  | Risk: 0.0204 | Alert: HEALTHY  | Failure: None            | Air: 300.3 | ProcT: 310.3 | RPM: 1553 | Torque: 38.0 | Wear: 51
[10:48:03] Step 14  | Risk: 0.0205 | Alert: HEALTHY  | Failure: None            | Air: 300.3 | ProcT: 310.3 | RPM: 1554 | Torque: 38.0 | Wear: 51
[10:48:04] Step 15  | Risk: 0.0214 | Alert: HEALTHY  | Failure: None            | Air: 300.4 | ProcT: 310.3 | RPM: 1550 | Torque: 38.0 | Wear: 52
[10:48:06] Step 16  | Risk: 0.0213 | Alert: HEALTHY  | Failure: None            | Air: 300.3 | ProcT: 310.3 | RPM: 1554 | Torque: 38.0 | Wear: 52
[10:48:07] Step 17  | Risk: 0.0229 | Alert: HEALTHY  | Failure: None            | Air: 300.3 | ProcT: 310.4 | RPM: 1545 | Torque: 38.0 | Wear: 52
[10:48:08] Step 18  | Risk: 0.0234 | Alert: HEALTHY  | Failure: None            | Air: 300.4 | ProcT: 310.4 | RPM: 1553 | Torque: 38.0 | Wear: 52
[10:48:10] Step 19  | Risk: 0.0220 | Alert: HEALTHY  | Failure: None            | Air: 300.3 | ProcT: 310.3 | RPM: 1553 | Torque: 38.0 | Wear: 52
[10:48:12] Step 20  | Risk: 0.0206 | Alert: HEALTHY  | Failure: None            | Air: 300.3 | ProcT: 310.3 | RPM: 1551 | Torque: 38.0 | Wear: 52
[10:48:14] Step 21  | Risk: 0.0203 | Alert: HEALTHY  | Failure: None            | Air: 300.3 | ProcT: 310.4 | RPM: 1547 | Torque: 38.0 | Wear: 53
[10:48:15] Step 22  | Risk: 0.0217 | Alert: HEALTHY  | Failure: None            | Air: 300.4 | ProcT: 310.4 | RPM: 1549 | Torque: 38.0 | Wear: 53
[10:48:17] Step 23  | Risk: 0.0217 | Alert: HEALTHY  | Failure: None            | Air: 300.4 | ProcT: 310.3 | RPM: 1554 | Torque: 38.0 | Wear: 53
[10:48:18] Step 24  | Risk: 0.0207 | Alert: HEALTHY  | Failure: None            | Air: 300.3 | ProcT: 310.3 | RPM: 1549 | Torque: 38.0 | Wear: 53
[10:48:20] Step 25  | Risk: 0.0206 | Alert: HEALTHY  | Failure: None            | Air: 300.3 | ProcT: 310.3 | RPM: 1553 | Torque: 38.0 | Wear: 53
[10:48:21] Step 26  | Risk: 0.0203 | Alert: HEALTHY  | Failure: None            | Air: 300.3 | ProcT: 310.3 | RPM: 1551 | Torque: 38.0 | Wear: 53
[10:48:23] Step 27  | Risk: 0.0198 | Alert: HEALTHY  | Failure: None            | Air: 300.3 | ProcT: 310.3 | RPM: 1549 | Torque: 38.0 | Wear: 53
[10:48:24] Step 28  | Risk: 0.0211 | Alert: HEALTHY  | Failure: None            | Air: 300.3 | ProcT: 310.4 | RPM: 1550 | Torque: 38.0 | Wear: 54
[10:48:26] Step 29  | Risk: 0.0203 | Alert: HEALTHY  | Failure: None            | Air: 300.3 | ProcT: 310.3 | RPM: 1551 | Torque: 38.0 | Wear: 54
[10:48:27] Step 30  | Risk: 0.0236 | Alert: HEALTHY  | Failure: None            | Air: 300.4 | ProcT: 310.4 | RPM: 1553 | Torque: 38.0 | Wear: 54
[10:48:29] Step 31  | Risk: 0.0219 | Alert: HEALTHY  | Failure: None            | Air: 300.4 | ProcT: 310.3 | RPM: 1550 | Torque: 38.0 | Wear: 54
[10:48:30] Step 32  | Risk: 0.0237 | Alert: HEALTHY  | Failure: None            | Air: 300.4 | ProcT: 310.3 | RPM: 1548 | Torque: 38.0 | Wear: 54
[10:48:32] Step 33  | Risk: 0.0240 | Alert: HEALTHY  | Failure: None            | Air: 300.4 | ProcT: 310.4 | RPM: 1552 | Torque: 38.0 | Wear: 54
[10:48:33] Step 34  | Risk: 0.0245 | Alert: HEALTHY  | Failure: None            | Air: 300.4 | ProcT: 310.4 | RPM: 1549 | Torque: 38.0 | Wear: 54
[10:48:35] Step 35  | Risk: 0.0240 | Alert: HEALTHY  | Failure: None            | Air: 300.3 | ProcT: 310.4 | RPM: 1550 | Torque: 38.0 | Wear: 55
[10:48:36] Step 36  | Risk: 0.0216 | Alert: HEALTHY  | Failure: None            | Air: 300.4 | ProcT: 310.4 | RPM: 1550 | Torque: 38.0 | Wear: 55
[10:48:38] Step 37  | Risk: 0.0208 | Alert: HEALTHY  | Failure: None            | Air: 300.3 | ProcT: 310.4 | RPM: 1549 | Torque: 38.0 | Wear: 55
[10:48:40] Step 38  | Risk: 0.0208 | Alert: HEALTHY  | Failure: None            | Air: 300.4 | ProcT: 310.4 | RPM: 1549 | Torque: 38.0 | Wear: 55
[10:48:41] Step 39  | Risk: 0.0198 | Alert: HEALTHY  | Failure: None            | Air: 300.3 | ProcT: 310.4 | RPM: 1548 | Torque: 38.0 | Wear: 55
[10:48:43] Step 40  | Risk: 0.0206 | Alert: HEALTHY  | Failure: None            | Air: 300.4 | ProcT: 310.4 | RPM: 1551 | Torque: 38.0 | Wear: 55
[10:48:45] Step 41  | Risk: 0.0212 | Alert: HEALTHY  | Failure: None            | Air: 300.4 | ProcT: 310.4 | RPM: 1548 | Torque: 38.0 | Wear: 56
[10:48:46] Step 42  | Risk: 0.0215 | Alert: HEALTHY  | Failure: None            | Air: 300.4 | ProcT: 310.4 | RPM: 1545 | Torque: 38.0 | Wear: 56
[10:48:47] Step 43  | Risk: 0.0222 | Alert: HEALTHY  | Failure: None            | Air: 300.4 | ProcT: 310.4 | RPM: 1551 | Torque: 38.0 | Wear: 56
[10:48:48] Step 44  | Risk: 0.0215 | Alert: HEALTHY  | Failure: None            | Air: 300.4 | ProcT: 310.4 | RPM: 1545 | Torque: 38.0 | Wear: 56
[10:48:50] Step 45  | Risk: 0.0215 | Alert: HEALTHY  | Failure: None            | Air: 300.4 | ProcT: 310.4 | RPM: 1547 | Torque: 38.0 | Wear: 56
[10:48:51] Step 46  | Risk: 0.0209 | Alert: HEALTHY  | Failure: None            | Air: 300.4 | ProcT: 310.4 | RPM: 1552 | Torque: 38.0 | Wear: 56
[10:48:53] Step 47  | Risk: 0.0213 | Alert: HEALTHY  | Failure: None            | Air: 300.4 | ProcT: 310.4 | RPM: 1553 | Torque: 38.0 | Wear: 56
[10:48:55] Step 48  | Risk: 0.0214 | Alert: HEALTHY  | Failure: None            | Air: 300.4 | ProcT: 310.4 | RPM: 1546 | Torque: 38.0 | Wear: 57
[10:48:56] Step 49  | Risk: 0.0211 | Alert: HEALTHY  | Failure: None            | Air: 300.4 | ProcT: 310.4 | RPM: 1547 | Torque: 38.0 | Wear: 57
[10:48:58] Step 50  | Risk: 0.0211 | Alert: HEALTHY  | Failure: None            | Air: 300.4 | ProcT: 310.4 | RPM: 1552 | Torque: 38.0 | Wear: 57
[10:49:00] Step 51  | Risk: 0.0222 | Alert: HEALTHY  | Failure: None            | Air: 300.5 | ProcT: 310.4 | RPM: 1547 | Torque: 38.0 | Wear: 57
[10:49:01] Step 52  | Risk: 0.0229 | Alert: HEALTHY  | Failure: None            | Air: 300.4 | ProcT: 310.4 | RPM: 1550 | Torque: 38.0 | Wear: 57
[10:49:03] Step 53  | Risk: 0.0231 | Alert: HEALTHY  | Failure: None            | Air: 300.4 | ProcT: 310.4 | RPM: 1549 | Torque: 38.0 | Wear: 57
[10:49:05] Step 54  | Risk: 0.0224 | Alert: HEALTHY  | Failure: None            | Air: 300.4 | ProcT: 310.4 | RPM: 1549 | Torque: 38.0 | Wear: 57
[10:49:06] Step 55  | Risk: 0.0227 | Alert: HEALTHY  | Failure: None            | Air: 300.5 | ProcT: 310.4 | RPM: 1547 | Torque: 38.0 | Wear: 58
[10:49:07] Step 56  | Risk: 0.0231 | Alert: HEALTHY  | Failure: None            | Air: 300.4 | ProcT: 310.4 | RPM: 1554 | Torque: 38.0 | Wear: 58
[10:49:08] Step 57  | Risk: 0.0259 | Alert: HEALTHY  | Failure: None            | Air: 300.5 | ProcT: 310.5 | RPM: 1546 | Torque: 38.0 | Wear: 58
[10:49:10] Step 58  | Risk: 0.0245 | Alert: HEALTHY  | Failure: None            | Air: 300.4 | ProcT: 310.4 | RPM: 1549 | Torque: 38.0 | Wear: 58
[10:49:12] Step 59  | Risk: 0.0237 | Alert: HEALTHY  | Failure: None            | Air: 300.4 | ProcT: 310.4 | RPM: 1546 | Torque: 38.0 | Wear: 58
[10:49:13] Step 60  | Risk: 0.0211 | Alert: HEALTHY  | Failure: None            | Air: 300.4 | ProcT: 310.4 | RPM: 1551 | Torque: 38.0 | Wear: 58
[10:49:14] Step 61  | Risk: 0.0213 | Alert: HEALTHY  | Failure: None            | Air: 300.4 | ProcT: 310.4 | RPM: 1545 | Torque: 38.0 | Wear: 59
[10:49:16] Step 62  | Risk: 0.0248 | Alert: HEALTHY  | Failure: None            | Air: 300.5 | ProcT: 310.5 | RPM: 1549 | Torque: 38.0 | Wear: 59
[10:49:18] Step 63  | Risk: 0.0259 | Alert: HEALTHY  | Failure: None            | Air: 300.5 | ProcT: 310.5 | RPM: 1547 | Torque: 38.0 | Wear: 59
[10:49:19] Step 64  | Risk: 0.0278 | Alert: HEALTHY  | Failure: None            | Air: 300.5 | ProcT: 310.5 | RPM: 1546 | Torque: 38.0 | Wear: 59
[10:49:20] Step 65  | Risk: 0.0237 | Alert: HEALTHY  | Failure: None            | Air: 300.4 | ProcT: 310.4 | RPM: 1548 | Torque: 38.0 | Wear: 59
[10:49:22] Step 66  | Risk: 0.0240 | Alert: HEALTHY  | Failure: None            | Air: 300.5 | ProcT: 310.5 | RPM: 1547 | Torque: 38.0 | Wear: 59
[10:49:23] Step 67  | Risk: 0.0231 | Alert: HEALTHY  | Failure: None            | Air: 300.5 | ProcT: 310.5 | RPM: 1549 | Torque: 38.0 | Wear: 59
[10:49:24] Step 68  | Risk: 0.0239 | Alert: HEALTHY  | Failure: None            | Air: 300.4 | ProcT: 310.5 | RPM: 1550 | Torque: 38.0 | Wear: 60
[10:49:25] Step 69  | Risk: 0.0222 | Alert: HEALTHY  | Failure: None            | Air: 300.5 | ProcT: 310.4 | RPM: 1552 | Torque: 38.0 | Wear: 60
[10:49:27] Step 70  | Risk: 0.0219 | Alert: HEALTHY  | Failure: None            | Air: 300.5 | ProcT: 310.4 | RPM: 1547 | Torque: 38.0 | Wear: 60
[10:49:29] Step 71  | Risk: 0.0224 | Alert: HEALTHY  | Failure: None            | Air: 300.5 | ProcT: 310.4 | RPM: 1546 | Torque: 38.0 | Wear: 60
[10:49:30] Step 72  | Risk: 0.0235 | Alert: HEALTHY  | Failure: None            | Air: 300.5 | ProcT: 310.4 | RPM: 1548 | Torque: 38.0 | Wear: 60
[10:49:31] Step 73  | Risk: 0.0257 | Alert: HEALTHY  | Failure: None            | Air: 300.4 | ProcT: 310.5 | RPM: 1554 | Torque: 38.0 | Wear: 60
[10:49:33] Step 74  | Risk: 0.0266 | Alert: HEALTHY  | Failure: None            | Air: 300.5 | ProcT: 310.5 | RPM: 1548 | Torque: 38.0 | Wear: 60
[10:49:35] Step 75  | Risk: 0.0265 | Alert: HEALTHY  | Failure: None            | Air: 300.5 | ProcT: 310.5 | RPM: 1546 | Torque: 38.0 | Wear: 61
[10:49:36] Step 76  | Risk: 0.0246 | Alert: HEALTHY  | Failure: None            | Air: 300.4 | ProcT: 310.5 | RPM: 1554 | Torque: 38.0 | Wear: 61
[10:49:38] Step 77  | Risk: 0.0230 | Alert: HEALTHY  | Failure: None            | Air: 300.5 | ProcT: 310.4 | RPM: 1552 | Torque: 38.0 | Wear: 61
[10:49:39] Step 78  | Risk: 0.0238 | Alert: HEALTHY  | Failure: None            | Air: 300.5 | ProcT: 310.5 | RPM: 1545 | Torque: 38.0 | Wear: 61
[10:49:41] Step 79  | Risk: 0.0239 | Alert: HEALTHY  | Failure: None            | Air: 300.5 | ProcT: 310.5 | RPM: 1547 | Torque: 38.0 | Wear: 61
[10:49:43] Step 80  | Risk: 0.0254 | Alert: HEALTHY  | Failure: None            | Air: 300.5 | ProcT: 310.5 | RPM: 1548 | Torque: 38.0 | Wear: 61
[10:49:44] Step 81  | Risk: 0.0238 | Alert: HEALTHY  | Failure: None            | Air: 300.4 | ProcT: 310.5 | RPM: 1547 | Torque: 38.0 | Wear: 62
[10:49:46] Step 82  | Risk: 0.0217 | Alert: HEALTHY  | Failure: None            | Air: 300.4 | ProcT: 310.4 | RPM: 1547 | Torque: 38.0 | Wear: 62
[10:49:47] Step 83  | Risk: 0.0216 | Alert: HEALTHY  | Failure: None            | Air: 300.4 | ProcT: 310.5 | RPM: 1547 | Torque: 38.0 | Wear: 62
[10:49:48] Step 84  | Risk: 0.0218 | Alert: HEALTHY  | Failure: None            | Air: 300.5 | ProcT: 310.5 | RPM: 1545 | Torque: 38.0 | Wear: 62
[10:49:50] Step 85  | Risk: 0.0246 | Alert: HEALTHY  | Failure: None            | Air: 300.5 | ProcT: 310.5 | RPM: 1550 | Torque: 38.0 | Wear: 62
[10:49:52] Step 86  | Risk: 0.0251 | Alert: HEALTHY  | Failure: None            | Air: 300.5 | ProcT: 310.5 | RPM: 1546 | Torque: 38.0 | Wear: 62
[10:49:53] Step 87  | Risk: 0.0262 | Alert: HEALTHY  | Failure: None            | Air: 300.5 | ProcT: 310.5 | RPM: 1554 | Torque: 38.0 | Wear: 62
[10:49:55] Step 88  | Risk: 0.0254 | Alert: HEALTHY  | Failure: None            | Air: 300.5 | ProcT: 310.5 | RPM: 1550 | Torque: 38.0 | Wear: 63
[10:49:56] Step 89  | Risk: 0.0241 | Alert: HEALTHY  | Failure: None            | Air: 300.5 | ProcT: 310.5 | RPM: 1548 | Torque: 38.0 | Wear: 63
[10:49:58] Step 90  | Risk: 0.0229 | Alert: HEALTHY  | Failure: None            | Air: 300.5 | ProcT: 310.5 | RPM: 1548 | Torque: 38.0 | Wear: 63
[10:49:59] Step 91  | Risk: 0.0227 | Alert: HEALTHY  | Failure: None            | Air: 300.5 | ProcT: 310.5 | RPM: 1547 | Torque: 38.0 | Wear: 63
[10:50:01] Step 92  | Risk: 0.0228 | Alert: HEALTHY  | Failure: None            | Air: 300.5 | ProcT: 310.5 | RPM: 1550 | Torque: 38.0 | Wear: 63
[10:50:02] Step 93  | Risk: 0.0231 | Alert: HEALTHY  | Failure: None            | Air: 300.5 | ProcT: 310.5 | RPM: 1553 | Torque: 38.0 | Wear: 63
[10:50:04] Step 94  | Risk: 0.0232 | Alert: HEALTHY  | Failure: None            | Air: 300.5 | ProcT: 310.5 | RPM: 1548 | Torque: 38.0 | Wear: 63
[10:50:05] Step 95  | Risk: 0.0232 | Alert: HEALTHY  | Failure: None            | Air: 300.5 | ProcT: 310.5 | RPM: 1548 | Torque: 38.0 | Wear: 64
[10:50:06] Step 96  | Risk: 0.0228 | Alert: HEALTHY  | Failure: None            | Air: 300.5 | ProcT: 310.5 | RPM: 1545 | Torque: 38.0 | Wear: 64
[10:50:08] Step 97  | Risk: 0.0232 | Alert: HEALTHY  | Failure: None            | Air: 300.5 | ProcT: 310.5 | RPM: 1553 | Torque: 38.0 | Wear: 64
[10:50:09] Step 98  | Risk: 0.0234 | Alert: HEALTHY  | Failure: None            | Air: 300.5 | ProcT: 310.5 | RPM: 1550 | Torque: 38.0 | Wear: 64
[10:50:10] Step 99  | Risk: 0.0249 | Alert: HEALTHY  | Failure: None            | Air: 300.6 | ProcT: 310.5 | RPM: 1547 | Torque: 38.0 | Wear: 64
[10:50:11] Step 100 | Risk: 0.0249 | Alert: HEALTHY  | Failure: None            | Air: 300.5 | ProcT: 310.5 | RPM: 1546 | Torque: 38.0 | Wear: 64
[10:50:13] Step 101 | Risk: 0.0252 | Alert: HEALTHY  | Failure: None            | Air: 300.5 | ProcT: 310.5 | RPM: 1546 | Torque: 38.0 | Wear: 65
[10:50:14] Step 102 | Risk: 0.0244 | Alert: HEALTHY  | Failure: None            | Air: 300.5 | ProcT: 310.5 | RPM: 1545 | Torque: 38.0 | Wear: 65
[10:50:15] Step 103 | Risk: 0.0261 | Alert: HEALTHY  | Failure: None            | Air: 300.5 | ProcT: 310.6 | RPM: 1550 | Torque: 38.0 | Wear: 65
[10:50:16] Step 104 | Risk: 0.0247 | Alert: HEALTHY  | Failure: None            | Air: 300.5 | ProcT: 310.5 | RPM: 1552 | Torque: 38.0 | Wear: 65
[10:50:18] Step 105 | Risk: 0.0265 | Alert: HEALTHY  | Failure: None            | Air: 300.5 | ProcT: 310.6 | RPM: 1553 | Torque: 38.0 | Wear: 65
[10:50:20] Step 106 | Risk: 0.0230 | Alert: HEALTHY  | Failure: None            | Air: 300.5 | ProcT: 310.5 | RPM: 1545 | Torque: 38.0 | Wear: 65
[10:50:22] Step 107 | Risk: 0.0264 | Alert: HEALTHY  | Failure: None            | Air: 300.6 | ProcT: 310.6 | RPM: 1546 | Torque: 38.0 | Wear: 65
[10:50:23] Step 108 | Risk: 0.0236 | Alert: HEALTHY  | Failure: None            | Air: 300.5 | ProcT: 310.5 | RPM: 1551 | Torque: 38.0 | Wear: 66
[10:50:25] Step 109 | Risk: 0.0261 | Alert: HEALTHY  | Failure: None            | Air: 300.6 | ProcT: 310.5 | RPM: 1547 | Torque: 38.0 | Wear: 66
[10:50:26] Step 110 | Risk: 0.0246 | Alert: HEALTHY  | Failure: None            | Air: 300.5 | ProcT: 310.5 | RPM: 1550 | Torque: 38.0 | Wear: 66
[10:50:28] Step 111 | Risk: 0.0263 | Alert: HEALTHY  | Failure: None            | Air: 300.6 | ProcT: 310.5 | RPM: 1552 | Torque: 38.0 | Wear: 66
[10:50:29] Step 112 | Risk: 0.0296 | Alert: HEALTHY  | Failure: None            | Air: 300.6 | ProcT: 310.6 | RPM: 1553 | Torque: 38.0 | Wear: 66
[10:50:31] Step 113 | Risk: 0.0282 | Alert: HEALTHY  | Failure: None            | Air: 300.6 | ProcT: 310.5 | RPM: 1545 | Torque: 38.0 | Wear: 66
[10:50:32] Step 114 | Risk: 0.0304 | Alert: HEALTHY  | Failure: None            | Air: 300.5 | ProcT: 310.6 | RPM: 1554 | Torque: 38.0 | Wear: 66
[10:50:34] Step 115 | Risk: 0.0258 | Alert: HEALTHY  | Failure: None            | Air: 300.6 | ProcT: 310.5 | RPM: 1549 | Torque: 38.0 | Wear: 67
[10:50:36] Step 116 | Risk: 0.0291 | Alert: HEALTHY  | Failure: None            | Air: 300.6 | ProcT: 310.6 | RPM: 1552 | Torque: 38.0 | Wear: 67
[10:50:37] Step 117 | Risk: 0.0273 | Alert: HEALTHY  | Failure: None            | Air: 300.6 | ProcT: 310.6 | RPM: 1549 | Torque: 38.0 | Wear: 67
[10:50:38] Step 118 | Risk: 0.0271 | Alert: HEALTHY  | Failure: None            | Air: 300.6 | ProcT: 310.5 | RPM: 1545 | Torque: 38.0 | Wear: 67
[10:50:40] Step 119 | Risk: 0.0249 | Alert: HEALTHY  | Failure: None            | Air: 300.6 | ProcT: 310.5 | RPM: 1545 | Torque: 38.0 | Wear: 67
[10:50:41] Step 120 | Risk: 0.0261 | Alert: HEALTHY  | Failure: None            | Air: 300.6 | ProcT: 310.6 | RPM: 1550 | Torque: 38.0 | Wear: 67
[10:50:43] Step 121 | Risk: 0.0279 | Alert: HEALTHY  | Failure: None            | Air: 300.6 | ProcT: 310.6 | RPM: 1554 | Torque: 38.0 | Wear: 68
[10:50:44] Step 122 | Risk: 0.0289 | Alert: HEALTHY  | Failure: None            | Air: 300.6 | ProcT: 310.6 | RPM: 1553 | Torque: 38.0 | Wear: 68
[10:50:46] Step 123 | Risk: 0.0272 | Alert: HEALTHY  | Failure: None            | Air: 300.6 | ProcT: 310.6 | RPM: 1546 | Torque: 38.0 | Wear: 68
[10:50:48] Step 124 | Risk: 0.0258 | Alert: HEALTHY  | Failure: None            | Air: 300.5 | ProcT: 310.6 | RPM: 1552 | Torque: 38.0 | Wear: 68
[10:50:49] Step 125 | Risk: 0.0235 | Alert: HEALTHY  | Failure: None            | Air: 300.6 | ProcT: 310.5 | RPM: 1551 | Torque: 38.0 | Wear: 68
[10:50:50] Step 126 | Risk: 0.0249 | Alert: HEALTHY  | Failure: None            | Air: 300.6 | ProcT: 310.6 | RPM: 1546 | Torque: 38.0 | Wear: 68
[10:50:52] Step 127 | Risk: 0.0262 | Alert: HEALTHY  | Failure: None            | Air: 300.6 | ProcT: 310.6 | RPM: 1553 | Torque: 38.0 | Wear: 68
[10:50:53] Step 128 | Risk: 0.0286 | Alert: HEALTHY  | Failure: None            | Air: 300.6 | ProcT: 310.6 | RPM: 1550 | Torque: 38.0 | Wear: 69
[10:50:54] Step 129 | Risk: 0.0274 | Alert: HEALTHY  | Failure: None            | Air: 300.6 | ProcT: 310.6 | RPM: 1549 | Torque: 38.0 | Wear: 69
[10:50:56] Step 130 | Risk: 0.0267 | Alert: HEALTHY  | Failure: None            | Air: 300.6 | ProcT: 310.6 | RPM: 1550 | Torque: 38.0 | Wear: 69
[10:50:57] Step 131 | Risk: 0.0253 | Alert: HEALTHY  | Failure: None            | Air: 300.6 | ProcT: 310.6 | RPM: 1546 | Torque: 38.0 | Wear: 69
[10:50:59] Step 132 | Risk: 0.0247 | Alert: HEALTHY  | Failure: None            | Air: 300.6 | ProcT: 310.6 | RPM: 1549 | Torque: 38.0 | Wear: 69
[10:51:00] Step 133 | Risk: 0.0247 | Alert: HEALTHY  | Failure: None            | Air: 300.6 | ProcT: 310.6 | RPM: 1550 | Torque: 38.0 | Wear: 69
[10:51:01] Step 134 | Risk: 0.0249 | Alert: HEALTHY  | Failure: None            | Air: 300.6 | ProcT: 310.6 | RPM: 1549 | Torque: 38.0 | Wear: 69
[10:51:03] Step 135 | Risk: 0.0251 | Alert: HEALTHY  | Failure: None            | Air: 300.6 | ProcT: 310.6 | RPM: 1550 | Torque: 38.0 | Wear: 70
[10:51:04] Step 136 | Risk: 0.0269 | Alert: HEALTHY  | Failure: None            | Air: 300.6 | ProcT: 310.7 | RPM: 1547 | Torque: 38.0 | Wear: 70
[10:51:06] Step 137 | Risk: 0.0254 | Alert: HEALTHY  | Failure: None            | Air: 300.6 | ProcT: 310.6 | RPM: 1545 | Torque: 38.0 | Wear: 70
[10:51:07] Step 138 | Risk: 0.0257 | Alert: HEALTHY  | Failure: None            | Air: 300.6 | ProcT: 310.6 | RPM: 1554 | Torque: 38.0 | Wear: 70
[10:51:09] Step 139 | Risk: 0.0258 | Alert: HEALTHY  | Failure: None            | Air: 300.6 | ProcT: 310.7 | RPM: 1549 | Torque: 38.0 | Wear: 70
[10:51:10] Step 140 | Risk: 0.0256 | Alert: HEALTHY  | Failure: None            | Air: 300.6 | ProcT: 310.6 | RPM: 1547 | Torque: 38.0 | Wear: 70
[10:51:11] Step 141 | Risk: 0.0271 | Alert: HEALTHY  | Failure: None            | Air: 300.7 | ProcT: 310.6 | RPM: 1552 | Torque: 38.0 | Wear: 71
[10:51:13] Step 142 | Risk: 0.0261 | Alert: HEALTHY  | Failure: None            | Air: 300.6 | ProcT: 310.6 | RPM: 1554 | Torque: 38.0 | Wear: 71
[10:51:15] Step 143 | Risk: 0.0281 | Alert: HEALTHY  | Failure: None            | Air: 300.6 | ProcT: 310.6 | RPM: 1551 | Torque: 38.0 | Wear: 71
[10:51:17] Step 144 | Risk: 0.0269 | Alert: HEALTHY  | Failure: None            | Air: 300.6 | ProcT: 310.6 | RPM: 1550 | Torque: 38.0 | Wear: 71
[10:51:18] Step 145 | Risk: 0.0259 | Alert: HEALTHY  | Failure: None            | Air: 300.6 | ProcT: 310.6 | RPM: 1547 | Torque: 38.0 | Wear: 71
[10:51:20] Step 146 | Risk: 0.0258 | Alert: HEALTHY  | Failure: None            | Air: 300.6 | ProcT: 310.6 | RPM: 1551 | Torque: 38.0 | Wear: 71
[10:51:22] Step 147 | Risk: 0.0251 | Alert: HEALTHY  | Failure: None            | Air: 300.6 | ProcT: 310.6 | RPM: 1545 | Torque: 38.0 | Wear: 71
[10:51:24] Step 148 | Risk: 0.0280 | Alert: HEALTHY  | Failure: None            | Air: 300.6 | ProcT: 310.7 | RPM: 1554 | Torque: 38.0 | Wear: 72
[10:51:25] Step 149 | Risk: 0.0295 | Alert: HEALTHY  | Failure: None            | Air: 300.7 | ProcT: 310.7 | RPM: 1545 | Torque: 38.0 | Wear: 72
[10:51:26] Step 150 | Risk: 0.0307 | Alert: HEALTHY  | Failure: None            | Air: 300.6 | ProcT: 310.7 | RPM: 1552 | Torque: 38.0 | Wear: 72
[10:51:28] Step 151 | Risk: 0.0280 | Alert: HEALTHY  | Failure: None            | Air: 300.7 | ProcT: 310.6 | RPM: 1549 | Torque: 38.0 | Wear: 72
[10:51:29] Step 152 | Risk: 0.0282 | Alert: HEALTHY  | Failure: None            | Air: 300.6 | ProcT: 310.7 | RPM: 1548 | Torque: 38.0 | Wear: 72
[10:51:31] Step 153 | Risk: 0.0274 | Alert: HEALTHY  | Failure: None            | Air: 300.6 | ProcT: 310.7 | RPM: 1554 | Torque: 38.0 | Wear: 72
[10:51:33] Step 154 | Risk: 0.0286 | Alert: HEALTHY  | Failure: None            | Air: 300.7 | ProcT: 310.7 | RPM: 1550 | Torque: 38.0 | Wear: 72
[10:51:34] Step 155 | Risk: 0.0270 | Alert: HEALTHY  | Failure: None            | Air: 300.6 | ProcT: 310.7 | RPM: 1550 | Torque: 38.0 | Wear: 73
[10:51:36] Step 156 | Risk: 0.0265 | Alert: HEALTHY  | Failure: None            | Air: 300.7 | ProcT: 310.6 | RPM: 1553 | Torque: 38.0 | Wear: 73
[10:51:37] Step 157 | Risk: 0.0264 | Alert: HEALTHY  | Failure: None            | Air: 300.7 | ProcT: 310.6 | RPM: 1550 | Torque: 38.0 | Wear: 73
[10:51:39] Step 158 | Risk: 0.0268 | Alert: HEALTHY  | Failure: None            | Air: 300.7 | ProcT: 310.6 | RPM: 1546 | Torque: 38.0 | Wear: 73
[10:51:41] Step 159 | Risk: 0.0296 | Alert: HEALTHY  | Failure: None            | Air: 300.6 | ProcT: 310.7 | RPM: 1547 | Torque: 38.0 | Wear: 73
[10:54:45] --- Session Reset ---
[10:54:47] Step 1   | Risk: 0.0189 | Alert: HEALTHY  | Failure: None            | Air: 300.3 | ProcT: 310.3 | RPM: 1552 | Torque: 38.0 | Wear: 50
[10:54:48] Step 2   | Risk: 0.0189 | Alert: HEALTHY  | Failure: None            | Air: 300.3 | ProcT: 310.3 | RPM: 1547 | Torque: 38.0 | Wear: 50
[10:54:49] Step 3   | Risk: 0.0189 | Alert: HEALTHY  | Failure: None            | Air: 300.3 | ProcT: 310.3 | RPM: 1547 | Torque: 38.0 | Wear: 50
[10:54:51] Step 4   | Risk: 0.0191 | Alert: HEALTHY  | Failure: None            | Air: 300.3 | ProcT: 310.3 | RPM: 1552 | Torque: 38.0 | Wear: 50
[10:54:53] Step 5   | Risk: 0.0192 | Alert: HEALTHY  | Failure: None            | Air: 300.3 | ProcT: 310.3 | RPM: 1549 | Torque: 38.0 | Wear: 50
[10:54:54] Step 6   | Risk: 0.0225 | Alert: HEALTHY  | Failure: None            | Air: 300.4 | ProcT: 310.4 | RPM: 1554 | Torque: 38.0 | Wear: 50
[10:54:55] Step 7   | Risk: 0.0217 | Alert: HEALTHY  | Failure: None            | Air: 300.3 | ProcT: 310.3 | RPM: 1552 | Torque: 38.0 | Wear: 50
[10:54:57] Step 8   | Risk: 0.0237 | Alert: HEALTHY  | Failure: None            | Air: 300.3 | ProcT: 310.4 | RPM: 1553 | Torque: 38.0 | Wear: 51
[10:54:58] Step 9   | Risk: 0.0196 | Alert: HEALTHY  | Failure: None            | Air: 300.3 | ProcT: 310.3 | RPM: 1548 | Torque: 38.0 | Wear: 51
[10:55:00] Step 10  | Risk: 0.0206 | Alert: HEALTHY  | Failure: None            | Air: 300.4 | ProcT: 310.3 | RPM: 1552 | Torque: 38.0 | Wear: 51
[10:55:02] Step 11  | Risk: 0.0188 | Alert: HEALTHY  | Failure: None            | Air: 300.3 | ProcT: 310.3 | RPM: 1545 | Torque: 38.0 | Wear: 51
[10:55:04] Step 12  | Risk: 0.0201 | Alert: HEALTHY  | Failure: None            | Air: 300.3 | ProcT: 310.3 | RPM: 1554 | Torque: 38.0 | Wear: 51
[10:55:05] Step 13  | Risk: 0.0204 | Alert: HEALTHY  | Failure: None            | Air: 300.3 | ProcT: 310.3 | RPM: 1553 | Torque: 38.0 | Wear: 51
[10:55:07] Step 14  | Risk: 0.0205 | Alert: HEALTHY  | Failure: None            | Air: 300.3 | ProcT: 310.3 | RPM: 1554 | Torque: 38.0 | Wear: 51
[10:55:08] Step 15  | Risk: 0.0214 | Alert: HEALTHY  | Failure: None            | Air: 300.4 | ProcT: 310.3 | RPM: 1550 | Torque: 38.0 | Wear: 52
[10:55:09] Step 16  | Risk: 0.0213 | Alert: HEALTHY  | Failure: None            | Air: 300.3 | ProcT: 310.3 | RPM: 1554 | Torque: 38.0 | Wear: 52
[10:55:10] Step 17  | Risk: 0.0229 | Alert: HEALTHY  | Failure: None            | Air: 300.3 | ProcT: 310.4 | RPM: 1545 | Torque: 38.0 | Wear: 52
[10:55:12] Step 18  | Risk: 0.0234 | Alert: HEALTHY  | Failure: None            | Air: 300.4 | ProcT: 310.4 | RPM: 1553 | Torque: 38.0 | Wear: 52
[10:55:14] Step 19  | Risk: 0.0220 | Alert: HEALTHY  | Failure: None            | Air: 300.3 | ProcT: 310.3 | RPM: 1553 | Torque: 38.0 | Wear: 52
[10:55:15] Step 20  | Risk: 0.0206 | Alert: HEALTHY  | Failure: None            | Air: 300.3 | ProcT: 310.3 | RPM: 1551 | Torque: 38.0 | Wear: 52
[10:55:17] Step 21  | Risk: 0.0203 | Alert: HEALTHY  | Failure: None            | Air: 300.3 | ProcT: 310.4 | RPM: 1547 | Torque: 38.0 | Wear: 53
[10:55:18] Step 22  | Risk: 0.0217 | Alert: HEALTHY  | Failure: None            | Air: 300.4 | ProcT: 310.4 | RPM: 1549 | Torque: 38.0 | Wear: 53
[10:55:19] Step 23  | Risk: 0.0217 | Alert: HEALTHY  | Failure: None            | Air: 300.4 | ProcT: 310.3 | RPM: 1554 | Torque: 38.0 | Wear: 53
[10:55:21] Step 24  | Risk: 0.0207 | Alert: HEALTHY  | Failure: None            | Air: 300.3 | ProcT: 310.3 | RPM: 1549 | Torque: 38.0 | Wear: 53
[10:55:23] Step 25  | Risk: 0.0206 | Alert: HEALTHY  | Failure: None            | Air: 300.3 | ProcT: 310.3 | RPM: 1553 | Torque: 38.0 | Wear: 53
[10:55:25] Step 26  | Risk: 0.0203 | Alert: HEALTHY  | Failure: None            | Air: 300.3 | ProcT: 310.3 | RPM: 1551 | Torque: 38.0 | Wear: 53
[10:55:26] Step 27  | Risk: 0.0198 | Alert: HEALTHY  | Failure: None            | Air: 300.3 | ProcT: 310.3 | RPM: 1549 | Torque: 38.0 | Wear: 53
[10:55:28] Step 28  | Risk: 0.0211 | Alert: HEALTHY  | Failure: None            | Air: 300.3 | ProcT: 310.4 | RPM: 1550 | Torque: 38.0 | Wear: 54
[10:55:29] Step 29  | Risk: 0.0203 | Alert: HEALTHY  | Failure: None            | Air: 300.3 | ProcT: 310.3 | RPM: 1551 | Torque: 38.0 | Wear: 54
[10:55:31] Step 30  | Risk: 0.0236 | Alert: HEALTHY  | Failure: None            | Air: 300.4 | ProcT: 310.4 | RPM: 1553 | Torque: 38.0 | Wear: 54
[10:55:32] Step 31  | Risk: 0.0219 | Alert: HEALTHY  | Failure: None            | Air: 300.4 | ProcT: 310.3 | RPM: 1550 | Torque: 38.0 | Wear: 54
[10:55:34] Step 32  | Risk: 0.0237 | Alert: HEALTHY  | Failure: None            | Air: 300.4 | ProcT: 310.3 | RPM: 1548 | Torque: 38.0 | Wear: 54
[10:55:35] Step 33  | Risk: 0.0240 | Alert: HEALTHY  | Failure: None            | Air: 300.4 | ProcT: 310.4 | RPM: 1552 | Torque: 38.0 | Wear: 54
[10:55:37] Step 34  | Risk: 0.0245 | Alert: HEALTHY  | Failure: None            | Air: 300.4 | ProcT: 310.4 | RPM: 1549 | Torque: 38.0 | Wear: 54
[10:55:38] Step 35  | Risk: 0.0240 | Alert: HEALTHY  | Failure: None            | Air: 300.3 | ProcT: 310.4 | RPM: 1550 | Torque: 38.0 | Wear: 55
[10:55:39] Step 36  | Risk: 0.0216 | Alert: HEALTHY  | Failure: None            | Air: 300.4 | ProcT: 310.4 | RPM: 1550 | Torque: 38.0 | Wear: 55
[10:55:41] Step 37  | Risk: 0.0208 | Alert: HEALTHY  | Failure: None            | Air: 300.3 | ProcT: 310.4 | RPM: 1549 | Torque: 38.0 | Wear: 55
[10:55:42] Step 38  | Risk: 0.0208 | Alert: HEALTHY  | Failure: None            | Air: 300.4 | ProcT: 310.4 | RPM: 1549 | Torque: 38.0 | Wear: 55
[10:55:43] Step 39  | Risk: 0.0198 | Alert: HEALTHY  | Failure: None            | Air: 300.3 | ProcT: 310.4 | RPM: 1548 | Torque: 38.0 | Wear: 55
[10:55:44] Step 40  | Risk: 0.0206 | Alert: HEALTHY  | Failure: None            | Air: 300.4 | ProcT: 310.4 | RPM: 1551 | Torque: 38.0 | Wear: 55
[10:55:46] Step 41  | Risk: 0.0212 | Alert: HEALTHY  | Failure: None            | Air: 300.4 | ProcT: 310.4 | RPM: 1548 | Torque: 38.0 | Wear: 56
[10:55:47] Step 42  | Risk: 0.0215 | Alert: HEALTHY  | Failure: None            | Air: 300.4 | ProcT: 310.4 | RPM: 1545 | Torque: 38.0 | Wear: 56
[10:55:49] Step 43  | Risk: 0.0222 | Alert: HEALTHY  | Failure: None            | Air: 300.4 | ProcT: 310.4 | RPM: 1551 | Torque: 38.0 | Wear: 56
[10:55:50] Step 44  | Risk: 0.0215 | Alert: HEALTHY  | Failure: None            | Air: 300.4 | ProcT: 310.4 | RPM: 1545 | Torque: 38.0 | Wear: 56
[10:55:52] Step 45  | Risk: 0.0215 | Alert: HEALTHY  | Failure: None            | Air: 300.4 | ProcT: 310.4 | RPM: 1547 | Torque: 38.0 | Wear: 56
[10:55:53] Step 46  | Risk: 0.0209 | Alert: HEALTHY  | Failure: None            | Air: 300.4 | ProcT: 310.4 | RPM: 1552 | Torque: 38.0 | Wear: 56
[10:55:55] Step 47  | Risk: 0.0213 | Alert: HEALTHY  | Failure: None            | Air: 300.4 | ProcT: 310.4 | RPM: 1553 | Torque: 38.0 | Wear: 56
[10:55:57] Step 48  | Risk: 0.0214 | Alert: HEALTHY  | Failure: None            | Air: 300.4 | ProcT: 310.4 | RPM: 1546 | Torque: 38.0 | Wear: 57
[10:55:58] Step 49  | Risk: 0.0211 | Alert: HEALTHY  | Failure: None            | Air: 300.4 | ProcT: 310.4 | RPM: 1547 | Torque: 38.0 | Wear: 57
[10:55:59] Step 50  | Risk: 0.0211 | Alert: HEALTHY  | Failure: None            | Air: 300.4 | ProcT: 310.4 | RPM: 1552 | Torque: 38.0 | Wear: 57
[10:56:01] Step 51  | Risk: 0.0222 | Alert: HEALTHY  | Failure: None            | Air: 300.5 | ProcT: 310.4 | RPM: 1547 | Torque: 38.0 | Wear: 57
[10:56:03] Step 52  | Risk: 0.0229 | Alert: HEALTHY  | Failure: None            | Air: 300.4 | ProcT: 310.4 | RPM: 1550 | Torque: 38.0 | Wear: 57
[10:56:05] Step 53  | Risk: 0.0231 | Alert: HEALTHY  | Failure: None            | Air: 300.4 | ProcT: 310.4 | RPM: 1549 | Torque: 38.0 | Wear: 57
[10:56:07] Step 54  | Risk: 0.0224 | Alert: HEALTHY  | Failure: None            | Air: 300.4 | ProcT: 310.4 | RPM: 1549 | Torque: 38.0 | Wear: 57
[10:56:08] Step 55  | Risk: 0.0227 | Alert: HEALTHY  | Failure: None            | Air: 300.5 | ProcT: 310.4 | RPM: 1547 | Torque: 38.0 | Wear: 58
[10:56:09] Step 56  | Risk: 0.0231 | Alert: HEALTHY  | Failure: None            | Air: 300.4 | ProcT: 310.4 | RPM: 1554 | Torque: 38.0 | Wear: 58
[10:56:10] Step 57  | Risk: 0.0259 | Alert: HEALTHY  | Failure: None            | Air: 300.5 | ProcT: 310.5 | RPM: 1546 | Torque: 38.0 | Wear: 58
[10:56:11] Step 58  | Risk: 0.0245 | Alert: HEALTHY  | Failure: None            | Air: 300.4 | ProcT: 310.4 | RPM: 1549 | Torque: 38.0 | Wear: 58
[10:56:13] Step 59  | Risk: 0.0237 | Alert: HEALTHY  | Failure: None            | Air: 300.4 | ProcT: 310.4 | RPM: 1546 | Torque: 38.0 | Wear: 58
[10:56:14] Step 60  | Risk: 0.0211 | Alert: HEALTHY  | Failure: None            | Air: 300.4 | ProcT: 310.4 | RPM: 1551 | Torque: 38.0 | Wear: 58
[10:56:16] Step 61  | Risk: 0.0213 | Alert: HEALTHY  | Failure: None            | Air: 300.4 | ProcT: 310.4 | RPM: 1545 | Torque: 38.0 | Wear: 59
[10:56:17] Step 62  | Risk: 0.0248 | Alert: HEALTHY  | Failure: None            | Air: 300.5 | ProcT: 310.5 | RPM: 1549 | Torque: 38.0 | Wear: 59
[10:56:19] Step 63  | Risk: 0.0259 | Alert: HEALTHY  | Failure: None            | Air: 300.5 | ProcT: 310.5 | RPM: 1547 | Torque: 38.0 | Wear: 59
[10:56:21] Step 64  | Risk: 0.0278 | Alert: HEALTHY  | Failure: None            | Air: 300.5 | ProcT: 310.5 | RPM: 1546 | Torque: 38.0 | Wear: 59
[10:56:23] Step 65  | Risk: 0.0237 | Alert: HEALTHY  | Failure: None            | Air: 300.4 | ProcT: 310.4 | RPM: 1548 | Torque: 38.0 | Wear: 59
[10:56:25] Step 66  | Risk: 0.0240 | Alert: HEALTHY  | Failure: None            | Air: 300.5 | ProcT: 310.5 | RPM: 1547 | Torque: 38.0 | Wear: 59
[10:56:27] Step 67  | Risk: 0.0231 | Alert: HEALTHY  | Failure: None            | Air: 300.5 | ProcT: 310.5 | RPM: 1549 | Torque: 38.0 | Wear: 59
[10:56:28] Step 68  | Risk: 0.0239 | Alert: HEALTHY  | Failure: None            | Air: 300.4 | ProcT: 310.5 | RPM: 1550 | Torque: 38.0 | Wear: 60
[10:56:30] Step 69  | Risk: 0.0222 | Alert: HEALTHY  | Failure: None            | Air: 300.5 | ProcT: 310.4 | RPM: 1552 | Torque: 38.0 | Wear: 60
[10:56:31] Step 70  | Risk: 0.0219 | Alert: HEALTHY  | Failure: None            | Air: 300.5 | ProcT: 310.4 | RPM: 1547 | Torque: 38.0 | Wear: 60
[10:56:33] Step 71  | Risk: 0.0224 | Alert: HEALTHY  | Failure: None            | Air: 300.5 | ProcT: 310.4 | RPM: 1546 | Torque: 38.0 | Wear: 60
[10:56:34] Step 72  | Risk: 0.0235 | Alert: HEALTHY  | Failure: None            | Air: 300.5 | ProcT: 310.4 | RPM: 1548 | Torque: 38.0 | Wear: 60
[10:56:35] Step 73  | Risk: 0.0257 | Alert: HEALTHY  | Failure: None            | Air: 300.4 | ProcT: 310.5 | RPM: 1554 | Torque: 38.0 | Wear: 60
[10:56:37] Step 74  | Risk: 0.0266 | Alert: HEALTHY  | Failure: None            | Air: 300.5 | ProcT: 310.5 | RPM: 1548 | Torque: 38.0 | Wear: 60
[10:56:38] Step 75  | Risk: 0.0265 | Alert: HEALTHY  | Failure: None            | Air: 300.5 | ProcT: 310.5 | RPM: 1546 | Torque: 38.0 | Wear: 61
[10:56:40] Step 76  | Risk: 0.0246 | Alert: HEALTHY  | Failure: None            | Air: 300.4 | ProcT: 310.5 | RPM: 1554 | Torque: 38.0 | Wear: 61
[10:56:41] Step 77  | Risk: 0.0230 | Alert: HEALTHY  | Failure: None            | Air: 300.5 | ProcT: 310.4 | RPM: 1552 | Torque: 38.0 | Wear: 61
[10:56:43] Step 78  | Risk: 0.0238 | Alert: HEALTHY  | Failure: None            | Air: 300.5 | ProcT: 310.5 | RPM: 1545 | Torque: 38.0 | Wear: 61
[10:56:44] Step 79  | Risk: 0.0239 | Alert: HEALTHY  | Failure: None            | Air: 300.5 | ProcT: 310.5 | RPM: 1547 | Torque: 38.0 | Wear: 61
[10:56:46] Step 80  | Risk: 0.0254 | Alert: HEALTHY  | Failure: None            | Air: 300.5 | ProcT: 310.5 | RPM: 1548 | Torque: 38.0 | Wear: 61
[10:56:47] Step 81  | Risk: 0.0238 | Alert: HEALTHY  | Failure: None            | Air: 300.4 | ProcT: 310.5 | RPM: 1547 | Torque: 38.0 | Wear: 62
[10:56:49] Step 82  | Risk: 0.0217 | Alert: HEALTHY  | Failure: None            | Air: 300.4 | ProcT: 310.4 | RPM: 1547 | Torque: 38.0 | Wear: 62
[10:56:51] Step 83  | Risk: 0.0216 | Alert: HEALTHY  | Failure: None            | Air: 300.4 | ProcT: 310.5 | RPM: 1547 | Torque: 38.0 | Wear: 62
[10:56:52] Step 84  | Risk: 0.0218 | Alert: HEALTHY  | Failure: None            | Air: 300.5 | ProcT: 310.5 | RPM: 1545 | Torque: 38.0 | Wear: 62
[10:56:54] Step 85  | Risk: 0.0246 | Alert: HEALTHY  | Failure: None            | Air: 300.5 | ProcT: 310.5 | RPM: 1550 | Torque: 38.0 | Wear: 62
[10:56:56] Step 86  | Risk: 0.0251 | Alert: HEALTHY  | Failure: None            | Air: 300.5 | ProcT: 310.5 | RPM: 1546 | Torque: 38.0 | Wear: 62
[10:56:58] Step 87  | Risk: 0.0262 | Alert: HEALTHY  | Failure: None            | Air: 300.5 | ProcT: 310.5 | RPM: 1554 | Torque: 38.0 | Wear: 62
[10:57:00] Step 88  | Risk: 0.0254 | Alert: HEALTHY  | Failure: None            | Air: 300.5 | ProcT: 310.5 | RPM: 1550 | Torque: 38.0 | Wear: 63
[10:57:01] Step 89  | Risk: 0.0241 | Alert: HEALTHY  | Failure: None            | Air: 300.5 | ProcT: 310.5 | RPM: 1548 | Torque: 38.0 | Wear: 63
[10:57:02] Step 90  | Risk: 0.0229 | Alert: HEALTHY  | Failure: None            | Air: 300.5 | ProcT: 310.5 | RPM: 1548 | Torque: 38.0 | Wear: 63
[10:57:04] Step 91  | Risk: 0.0227 | Alert: HEALTHY  | Failure: None            | Air: 300.5 | ProcT: 310.5 | RPM: 1547 | Torque: 38.0 | Wear: 63
[10:57:06] Step 92  | Risk: 0.0228 | Alert: HEALTHY  | Failure: None            | Air: 300.5 | ProcT: 310.5 | RPM: 1550 | Torque: 38.0 | Wear: 63
[10:57:07] Step 93  | Risk: 0.0231 | Alert: HEALTHY  | Failure: None            | Air: 300.5 | ProcT: 310.5 | RPM: 1553 | Torque: 38.0 | Wear: 63
[10:57:08] Step 94  | Risk: 0.0232 | Alert: HEALTHY  | Failure: None            | Air: 300.5 | ProcT: 310.5 | RPM: 1548 | Torque: 38.0 | Wear: 63
[10:57:09] Step 95  | Risk: 0.0232 | Alert: HEALTHY  | Failure: None            | Air: 300.5 | ProcT: 310.5 | RPM: 1548 | Torque: 38.0 | Wear: 64
[10:57:11] Step 96  | Risk: 0.0228 | Alert: HEALTHY  | Failure: None            | Air: 300.5 | ProcT: 310.5 | RPM: 1545 | Torque: 38.0 | Wear: 64
[10:57:12] Step 97  | Risk: 0.0232 | Alert: HEALTHY  | Failure: None            | Air: 300.5 | ProcT: 310.5 | RPM: 1553 | Torque: 38.0 | Wear: 64
[10:57:14] Step 98  | Risk: 0.0234 | Alert: HEALTHY  | Failure: None            | Air: 300.5 | ProcT: 310.5 | RPM: 1550 | Torque: 38.0 | Wear: 64
[10:57:16] Step 99  | Risk: 0.0249 | Alert: HEALTHY  | Failure: None            | Air: 300.6 | ProcT: 310.5 | RPM: 1547 | Torque: 38.0 | Wear: 64
[10:57:17] Step 100 | Risk: 0.0249 | Alert: HEALTHY  | Failure: None            | Air: 300.5 | ProcT: 310.5 | RPM: 1546 | Torque: 38.0 | Wear: 64
[10:57:18] Step 101 | Risk: 0.0252 | Alert: HEALTHY  | Failure: None            | Air: 300.5 | ProcT: 310.5 | RPM: 1546 | Torque: 38.0 | Wear: 65
[10:57:20] Step 102 | Risk: 0.0244 | Alert: HEALTHY  | Failure: None            | Air: 300.5 | ProcT: 310.5 | RPM: 1545 | Torque: 38.0 | Wear: 65
[10:57:21] Step 103 | Risk: 0.0261 | Alert: HEALTHY  | Failure: None            | Air: 300.5 | ProcT: 310.6 | RPM: 1550 | Torque: 38.0 | Wear: 65
[10:57:23] Step 104 | Risk: 0.0247 | Alert: HEALTHY  | Failure: None            | Air: 300.5 | ProcT: 310.5 | RPM: 1552 | Torque: 38.0 | Wear: 65
[10:57:25] Step 105 | Risk: 0.0265 | Alert: HEALTHY  | Failure: None            | Air: 300.5 | ProcT: 310.6 | RPM: 1553 | Torque: 38.0 | Wear: 65
[10:57:27] Step 106 | Risk: 0.0230 | Alert: HEALTHY  | Failure: None            | Air: 300.5 | ProcT: 310.5 | RPM: 1545 | Torque: 38.0 | Wear: 65
[10:57:29] Step 107 | Risk: 0.0264 | Alert: HEALTHY  | Failure: None            | Air: 300.6 | ProcT: 310.6 | RPM: 1546 | Torque: 38.0 | Wear: 65
[10:57:30] Step 108 | Risk: 0.0236 | Alert: HEALTHY  | Failure: None            | Air: 300.5 | ProcT: 310.5 | RPM: 1551 | Torque: 38.0 | Wear: 66
[10:57:32] Step 109 | Risk: 0.0261 | Alert: HEALTHY  | Failure: None            | Air: 300.6 | ProcT: 310.5 | RPM: 1547 | Torque: 38.0 | Wear: 66
[10:57:33] Step 110 | Risk: 0.0246 | Alert: HEALTHY  | Failure: None            | Air: 300.5 | ProcT: 310.5 | RPM: 1550 | Torque: 38.0 | Wear: 66
[10:57:34] Step 111 | Risk: 0.0263 | Alert: HEALTHY  | Failure: None            | Air: 300.6 | ProcT: 310.5 | RPM: 1552 | Torque: 38.0 | Wear: 66
[10:57:35] Step 112 | Risk: 0.0296 | Alert: HEALTHY  | Failure: None            | Air: 300.6 | ProcT: 310.6 | RPM: 1553 | Torque: 38.0 | Wear: 66
[10:57:37] Step 113 | Risk: 0.0282 | Alert: HEALTHY  | Failure: None            | Air: 300.6 | ProcT: 310.5 | RPM: 1545 | Torque: 38.0 | Wear: 66
[10:57:39] Step 114 | Risk: 0.0304 | Alert: HEALTHY  | Failure: None            | Air: 300.5 | ProcT: 310.6 | RPM: 1554 | Torque: 38.0 | Wear: 66
[10:57:40] Step 115 | Risk: 0.0258 | Alert: HEALTHY  | Failure: None            | Air: 300.6 | ProcT: 310.5 | RPM: 1549 | Torque: 38.0 | Wear: 67
[10:57:52] --- Session Reset ---
[10:57:53] Step 1   | Risk: 0.0189 | Alert: HEALTHY  | Failure: None            | Air: 300.3 | ProcT: 310.3 | RPM: 1552 | Torque: 38.0 | Wear: 50
[10:57:55] Step 2   | Risk: 0.0189 | Alert: HEALTHY  | Failure: None            | Air: 300.3 | ProcT: 310.3 | RPM: 1547 | Torque: 38.0 | Wear: 50
[10:57:56] Step 3   | Risk: 0.0189 | Alert: HEALTHY  | Failure: None            | Air: 300.3 | ProcT: 310.3 | RPM: 1547 | Torque: 38.0 | Wear: 50
[10:57:57] Step 4   | Risk: 0.0191 | Alert: HEALTHY  | Failure: None            | Air: 300.3 | ProcT: 310.3 | RPM: 1552 | Torque: 38.0 | Wear: 50
[11:00:37] --- Session Reset ---
[11:00:39] Step 1   | Risk: 0.0189 | Alert: HEALTHY  | Failure: None            | Air: 300.3 | ProcT: 310.3 | RPM: 1552 | Torque: 38.0 | Wear: 50
[11:00:40] Step 2   | Risk: 0.0189 | Alert: HEALTHY  | Failure: None            | Air: 300.3 | ProcT: 310.3 | RPM: 1547 | Torque: 38.0 | Wear: 50
[11:00:42] Step 3   | Risk: 0.0189 | Alert: HEALTHY  | Failure: None            | Air: 300.3 | ProcT: 310.3 | RPM: 1547 | Torque: 38.0 | Wear: 50
[11:00:44] Step 4   | Risk: 0.0191 | Alert: HEALTHY  | Failure: None            | Air: 300.3 | ProcT: 310.3 | RPM: 1552 | Torque: 38.0 | Wear: 50
[11:00:45] Step 5   | Risk: 0.0192 | Alert: HEALTHY  | Failure: None            | Air: 300.3 | ProcT: 310.3 | RPM: 1549 | Torque: 38.0 | Wear: 50
[11:00:47] Step 6   | Risk: 0.0225 | Alert: HEALTHY  | Failure: None            | Air: 300.4 | ProcT: 310.4 | RPM: 1554 | Torque: 38.0 | Wear: 50
[11:00:48] Step 7   | Risk: 0.0217 | Alert: HEALTHY  | Failure: None            | Air: 300.3 | ProcT: 310.3 | RPM: 1552 | Torque: 38.0 | Wear: 50
[11:00:50] Step 8   | Risk: 0.0237 | Alert: HEALTHY  | Failure: None            | Air: 300.3 | ProcT: 310.4 | RPM: 1553 | Torque: 38.0 | Wear: 51
[11:00:51] Step 9   | Risk: 0.0196 | Alert: HEALTHY  | Failure: None            | Air: 300.3 | ProcT: 310.3 | RPM: 1548 | Torque: 38.0 | Wear: 51
[11:00:53] Step 10  | Risk: 0.0206 | Alert: HEALTHY  | Failure: None            | Air: 300.4 | ProcT: 310.3 | RPM: 1552 | Torque: 38.0 | Wear: 51
[11:00:54] Step 11  | Risk: 0.0188 | Alert: HEALTHY  | Failure: None            | Air: 300.3 | ProcT: 310.3 | RPM: 1545 | Torque: 38.0 | Wear: 51
[11:00:55] Step 12  | Risk: 0.0201 | Alert: HEALTHY  | Failure: None            | Air: 300.3 | ProcT: 310.3 | RPM: 1554 | Torque: 38.0 | Wear: 51
[11:00:57] Step 13  | Risk: 0.0204 | Alert: HEALTHY  | Failure: None            | Air: 300.3 | ProcT: 310.3 | RPM: 1553 | Torque: 38.0 | Wear: 51
[11:00:59] Step 14  | Risk: 0.0205 | Alert: HEALTHY  | Failure: None            | Air: 300.3 | ProcT: 310.3 | RPM: 1554 | Torque: 38.0 | Wear: 51
[11:01:01] Step 15  | Risk: 0.0214 | Alert: HEALTHY  | Failure: None            | Air: 300.4 | ProcT: 310.3 | RPM: 1550 | Torque: 38.0 | Wear: 52
[11:01:02] Step 16  | Risk: 0.0213 | Alert: HEALTHY  | Failure: None            | Air: 300.3 | ProcT: 310.3 | RPM: 1554 | Torque: 38.0 | Wear: 52
[11:01:04] Step 17  | Risk: 0.0229 | Alert: HEALTHY  | Failure: None            | Air: 300.3 | ProcT: 310.4 | RPM: 1545 | Torque: 38.0 | Wear: 52
[11:01:05] Step 18  | Risk: 0.0234 | Alert: HEALTHY  | Failure: None            | Air: 300.4 | ProcT: 310.4 | RPM: 1553 | Torque: 38.0 | Wear: 52
[11:01:07] Step 19  | Risk: 0.0220 | Alert: HEALTHY  | Failure: None            | Air: 300.3 | ProcT: 310.3 | RPM: 1553 | Torque: 38.0 | Wear: 52
[11:01:08] Step 20  | Risk: 0.0206 | Alert: HEALTHY  | Failure: None            | Air: 300.3 | ProcT: 310.3 | RPM: 1551 | Torque: 38.0 | Wear: 52
[11:01:10] Step 21  | Risk: 0.0203 | Alert: HEALTHY  | Failure: None            | Air: 300.3 | ProcT: 310.4 | RPM: 1547 | Torque: 38.0 | Wear: 53
[11:01:11] Step 22  | Risk: 0.0217 | Alert: HEALTHY  | Failure: None            | Air: 300.4 | ProcT: 310.4 | RPM: 1549 | Torque: 38.0 | Wear: 53
[11:01:12] Step 23  | Risk: 0.0217 | Alert: HEALTHY  | Failure: None            | Air: 300.4 | ProcT: 310.3 | RPM: 1554 | Torque: 38.0 | Wear: 53
[11:01:14] Step 24  | Risk: 0.0207 | Alert: HEALTHY  | Failure: None            | Air: 300.3 | ProcT: 310.3 | RPM: 1549 | Torque: 38.0 | Wear: 53
[11:01:15] Step 25  | Risk: 0.0206 | Alert: HEALTHY  | Failure: None            | Air: 300.3 | ProcT: 310.3 | RPM: 1553 | Torque: 38.0 | Wear: 53
[11:01:16] Step 26  | Risk: 0.0203 | Alert: HEALTHY  | Failure: None            | Air: 300.3 | ProcT: 310.3 | RPM: 1551 | Torque: 38.0 | Wear: 53
[11:01:18] Step 27  | Risk: 0.0198 | Alert: HEALTHY  | Failure: None            | Air: 300.3 | ProcT: 310.3 | RPM: 1549 | Torque: 38.0 | Wear: 53
[11:01:20] Step 28  | Risk: 0.0211 | Alert: HEALTHY  | Failure: None            | Air: 300.3 | ProcT: 310.4 | RPM: 1550 | Torque: 38.0 | Wear: 54
[11:01:21] Step 29  | Risk: 0.0203 | Alert: HEALTHY  | Failure: None            | Air: 300.3 | ProcT: 310.3 | RPM: 1551 | Torque: 38.0 | Wear: 54
[11:01:22] Step 30  | Risk: 0.0236 | Alert: HEALTHY  | Failure: None            | Air: 300.4 | ProcT: 310.4 | RPM: 1553 | Torque: 38.0 | Wear: 54
[11:01:24] Step 31  | Risk: 0.0219 | Alert: HEALTHY  | Failure: None            | Air: 300.4 | ProcT: 310.3 | RPM: 1550 | Torque: 38.0 | Wear: 54
[11:01:25] Step 32  | Risk: 0.0237 | Alert: HEALTHY  | Failure: None            | Air: 300.4 | ProcT: 310.3 | RPM: 1548 | Torque: 38.0 | Wear: 54
[11:01:26] Step 33  | Risk: 0.0240 | Alert: HEALTHY  | Failure: None            | Air: 300.4 | ProcT: 310.4 | RPM: 1552 | Torque: 38.0 | Wear: 54
[11:01:27] Step 34  | Risk: 0.0245 | Alert: HEALTHY  | Failure: None            | Air: 300.4 | ProcT: 310.4 | RPM: 1549 | Torque: 38.0 | Wear: 54
[11:01:29] Step 35  | Risk: 0.0240 | Alert: HEALTHY  | Failure: None            | Air: 300.3 | ProcT: 310.4 | RPM: 1550 | Torque: 38.0 | Wear: 55
[11:01:31] Step 36  | Risk: 0.0216 | Alert: HEALTHY  | Failure: None            | Air: 300.4 | ProcT: 310.4 | RPM: 1550 | Torque: 38.0 | Wear: 55
[11:01:33] Step 37  | Risk: 0.0208 | Alert: HEALTHY  | Failure: None            | Air: 300.3 | ProcT: 310.4 | RPM: 1549 | Torque: 38.0 | Wear: 55
[11:01:34] Step 38  | Risk: 0.0208 | Alert: HEALTHY  | Failure: None            | Air: 300.4 | ProcT: 310.4 | RPM: 1549 | Torque: 38.0 | Wear: 55
[11:01:35] Step 39  | Risk: 0.0198 | Alert: HEALTHY  | Failure: None            | Air: 300.3 | ProcT: 310.4 | RPM: 1548 | Torque: 38.0 | Wear: 55
[11:01:37] Step 40  | Risk: 0.0206 | Alert: HEALTHY  | Failure: None            | Air: 300.4 | ProcT: 310.4 | RPM: 1551 | Torque: 38.0 | Wear: 55
[11:01:39] Step 41  | Risk: 0.0212 | Alert: HEALTHY  | Failure: None            | Air: 300.4 | ProcT: 310.4 | RPM: 1548 | Torque: 38.0 | Wear: 56
[11:01:41] Step 42  | Risk: 0.0215 | Alert: HEALTHY  | Failure: None            | Air: 300.4 | ProcT: 310.4 | RPM: 1545 | Torque: 38.0 | Wear: 56
[11:01:42] Step 43  | Risk: 0.0222 | Alert: HEALTHY  | Failure: None            | Air: 300.4 | ProcT: 310.4 | RPM: 1551 | Torque: 38.0 | Wear: 56
[11:01:44] Step 44  | Risk: 0.0215 | Alert: HEALTHY  | Failure: None            | Air: 300.4 | ProcT: 310.4 | RPM: 1545 | Torque: 38.0 | Wear: 56
[11:01:46] Step 45  | Risk: 0.0215 | Alert: HEALTHY  | Failure: None            | Air: 300.4 | ProcT: 310.4 | RPM: 1547 | Torque: 38.0 | Wear: 56
[11:01:48] Step 46  | Risk: 0.0209 | Alert: HEALTHY  | Failure: None            | Air: 300.4 | ProcT: 310.4 | RPM: 1552 | Torque: 38.0 | Wear: 56
[11:01:49] Step 47  | Risk: 0.0213 | Alert: HEALTHY  | Failure: None            | Air: 300.4 | ProcT: 310.4 | RPM: 1553 | Torque: 38.0 | Wear: 56
[11:01:50] Step 48  | Risk: 0.0214 | Alert: HEALTHY  | Failure: None            | Air: 300.4 | ProcT: 310.4 | RPM: 1546 | Torque: 38.0 | Wear: 57
[11:01:52] Step 49  | Risk: 0.0211 | Alert: HEALTHY  | Failure: None            | Air: 300.4 | ProcT: 310.4 | RPM: 1547 | Torque: 38.0 | Wear: 57
[11:01:53] Step 50  | Risk: 0.0211 | Alert: HEALTHY  | Failure: None            | Air: 300.4 | ProcT: 310.4 | RPM: 1552 | Torque: 38.0 | Wear: 57
[11:01:55] Step 51  | Risk: 0.0222 | Alert: HEALTHY  | Failure: None            | Air: 300.5 | ProcT: 310.4 | RPM: 1547 | Torque: 38.0 | Wear: 57
[11:01:57] Step 52  | Risk: 0.0229 | Alert: HEALTHY  | Failure: None            | Air: 300.4 | ProcT: 310.4 | RPM: 1550 | Torque: 38.0 | Wear: 57
[11:01:59] Step 53  | Risk: 0.0231 | Alert: HEALTHY  | Failure: None            | Air: 300.4 | ProcT: 310.4 | RPM: 1549 | Torque: 38.0 | Wear: 57
[11:02:01] Step 54  | Risk: 0.0224 | Alert: HEALTHY  | Failure: None            | Air: 300.4 | ProcT: 310.4 | RPM: 1549 | Torque: 38.0 | Wear: 57
[11:02:02] Step 55  | Risk: 0.0227 | Alert: HEALTHY  | Failure: None            | Air: 300.5 | ProcT: 310.4 | RPM: 1547 | Torque: 38.0 | Wear: 58
[11:02:03] Step 56  | Risk: 0.0231 | Alert: HEALTHY  | Failure: None            | Air: 300.4 | ProcT: 310.4 | RPM: 1554 | Torque: 38.0 | Wear: 58
[11:02:04] Step 57  | Risk: 0.0259 | Alert: HEALTHY  | Failure: None            | Air: 300.5 | ProcT: 310.5 | RPM: 1546 | Torque: 38.0 | Wear: 58
[11:02:06] Step 58  | Risk: 0.0245 | Alert: HEALTHY  | Failure: None            | Air: 300.4 | ProcT: 310.4 | RPM: 1549 | Torque: 38.0 | Wear: 58
[11:02:07] Step 59  | Risk: 0.0237 | Alert: HEALTHY  | Failure: None            | Air: 300.4 | ProcT: 310.4 | RPM: 1546 | Torque: 38.0 | Wear: 58
[11:02:08] Step 60  | Risk: 0.0211 | Alert: HEALTHY  | Failure: None            | Air: 300.4 | ProcT: 310.4 | RPM: 1551 | Torque: 38.0 | Wear: 58
[11:02:09] Step 61  | Risk: 0.0213 | Alert: HEALTHY  | Failure: None            | Air: 300.4 | ProcT: 310.4 | RPM: 1545 | Torque: 38.0 | Wear: 59
[11:02:11] Step 62  | Risk: 0.0248 | Alert: HEALTHY  | Failure: None            | Air: 300.5 | ProcT: 310.5 | RPM: 1549 | Torque: 38.0 | Wear: 59
[11:02:13] Step 63  | Risk: 0.0259 | Alert: HEALTHY  | Failure: None            | Air: 300.5 | ProcT: 310.5 | RPM: 1547 | Torque: 38.0 | Wear: 59
[11:02:14] Step 64  | Risk: 0.0278 | Alert: HEALTHY  | Failure: None            | Air: 300.5 | ProcT: 310.5 | RPM: 1546 | Torque: 38.0 | Wear: 59
[11:02:16] Step 65  | Risk: 0.0237 | Alert: HEALTHY  | Failure: None            | Air: 300.4 | ProcT: 310.4 | RPM: 1548 | Torque: 38.0 | Wear: 59
[11:02:18] Step 66  | Risk: 0.0240 | Alert: HEALTHY  | Failure: None            | Air: 300.5 | ProcT: 310.5 | RPM: 1547 | Torque: 38.0 | Wear: 59
[11:02:19] Step 67  | Risk: 0.0231 | Alert: HEALTHY  | Failure: None            | Air: 300.5 | ProcT: 310.5 | RPM: 1549 | Torque: 38.0 | Wear: 59
[11:02:21] Step 68  | Risk: 0.0239 | Alert: HEALTHY  | Failure: None            | Air: 300.4 | ProcT: 310.5 | RPM: 1550 | Torque: 38.0 | Wear: 60
[11:02:22] Step 69  | Risk: 0.0222 | Alert: HEALTHY  | Failure: None            | Air: 300.5 | ProcT: 310.4 | RPM: 1552 | Torque: 38.0 | Wear: 60
[11:02:23] Step 70  | Risk: 0.0219 | Alert: HEALTHY  | Failure: None            | Air: 300.5 | ProcT: 310.4 | RPM: 1547 | Torque: 38.0 | Wear: 60
[11:02:25] Step 71  | Risk: 0.0224 | Alert: HEALTHY  | Failure: None            | Air: 300.5 | ProcT: 310.4 | RPM: 1546 | Torque: 38.0 | Wear: 60
[11:02:27] Step 72  | Risk: 0.0235 | Alert: HEALTHY  | Failure: None            | Air: 300.5 | ProcT: 310.4 | RPM: 1548 | Torque: 38.0 | Wear: 60
[11:02:28] Step 73  | Risk: 0.0257 | Alert: HEALTHY  | Failure: None            | Air: 300.4 | ProcT: 310.5 | RPM: 1554 | Torque: 38.0 | Wear: 60
[11:02:29] Step 74  | Risk: 0.0266 | Alert: HEALTHY  | Failure: None            | Air: 300.5 | ProcT: 310.5 | RPM: 1548 | Torque: 38.0 | Wear: 60
[11:02:31] Step 75  | Risk: 0.0265 | Alert: HEALTHY  | Failure: None            | Air: 300.5 | ProcT: 310.5 | RPM: 1546 | Torque: 38.0 | Wear: 61
[11:02:33] Step 76  | Risk: 0.0246 | Alert: HEALTHY  | Failure: None            | Air: 300.4 | ProcT: 310.5 | RPM: 1554 | Torque: 38.0 | Wear: 61
[11:02:34] Step 77  | Risk: 0.0230 | Alert: HEALTHY  | Failure: None            | Air: 300.5 | ProcT: 310.4 | RPM: 1552 | Torque: 38.0 | Wear: 61
[11:02:36] Step 78  | Risk: 0.0238 | Alert: HEALTHY  | Failure: None            | Air: 300.5 | ProcT: 310.5 | RPM: 1545 | Torque: 38.0 | Wear: 61
[11:02:37] Step 79  | Risk: 0.0239 | Alert: HEALTHY  | Failure: None            | Air: 300.5 | ProcT: 310.5 | RPM: 1547 | Torque: 38.0 | Wear: 61
[11:02:38] Step 80  | Risk: 0.0254 | Alert: HEALTHY  | Failure: None            | Air: 300.5 | ProcT: 310.5 | RPM: 1548 | Torque: 38.0 | Wear: 61
[11:02:40] Step 81  | Risk: 0.0238 | Alert: HEALTHY  | Failure: None            | Air: 300.4 | ProcT: 310.5 | RPM: 1547 | Torque: 38.0 | Wear: 62
[11:02:42] Step 82  | Risk: 0.0217 | Alert: HEALTHY  | Failure: None            | Air: 300.4 | ProcT: 310.4 | RPM: 1547 | Torque: 38.0 | Wear: 62
[11:02:44] Step 83  | Risk: 0.0216 | Alert: HEALTHY  | Failure: None            | Air: 300.4 | ProcT: 310.5 | RPM: 1547 | Torque: 38.0 | Wear: 62
[11:02:45] Step 84  | Risk: 0.0218 | Alert: HEALTHY  | Failure: None            | Air: 300.5 | ProcT: 310.5 | RPM: 1545 | Torque: 38.0 | Wear: 62
[11:02:46] Step 85  | Risk: 0.0246 | Alert: HEALTHY  | Failure: None            | Air: 300.5 | ProcT: 310.5 | RPM: 1550 | Torque: 38.0 | Wear: 62
[11:02:48] Step 86  | Risk: 0.0251 | Alert: HEALTHY  | Failure: None            | Air: 300.5 | ProcT: 310.5 | RPM: 1546 | Torque: 38.0 | Wear: 62
[11:02:49] Step 87  | Risk: 0.0262 | Alert: HEALTHY  | Failure: None            | Air: 300.5 | ProcT: 310.5 | RPM: 1554 | Torque: 38.0 | Wear: 62
[11:02:50] Step 88  | Risk: 0.0254 | Alert: HEALTHY  | Failure: None            | Air: 300.5 | ProcT: 310.5 | RPM: 1550 | Torque: 38.0 | Wear: 63
[11:02:52] Step 89  | Risk: 0.0241 | Alert: HEALTHY  | Failure: None            | Air: 300.5 | ProcT: 310.5 | RPM: 1548 | Torque: 38.0 | Wear: 63
[11:02:53] Step 90  | Risk: 0.0229 | Alert: HEALTHY  | Failure: None            | Air: 300.5 | ProcT: 310.5 | RPM: 1548 | Torque: 38.0 | Wear: 63
[11:02:55] Step 91  | Risk: 0.0227 | Alert: HEALTHY  | Failure: None            | Air: 300.5 | ProcT: 310.5 | RPM: 1547 | Torque: 38.0 | Wear: 63
[11:02:56] Step 92  | Risk: 0.0228 | Alert: HEALTHY  | Failure: None            | Air: 300.5 | ProcT: 310.5 | RPM: 1550 | Torque: 38.0 | Wear: 63
[11:02:58] Step 93  | Risk: 0.0231 | Alert: HEALTHY  | Failure: None            | Air: 300.5 | ProcT: 310.5 | RPM: 1553 | Torque: 38.0 | Wear: 63
[11:02:59] Step 94  | Risk: 0.0232 | Alert: HEALTHY  | Failure: None            | Air: 300.5 | ProcT: 310.5 | RPM: 1548 | Torque: 38.0 | Wear: 63
[11:03:01] Step 95  | Risk: 0.0232 | Alert: HEALTHY  | Failure: None            | Air: 300.5 | ProcT: 310.5 | RPM: 1548 | Torque: 38.0 | Wear: 64
[11:03:02] Step 96  | Risk: 0.0228 | Alert: HEALTHY  | Failure: None            | Air: 300.5 | ProcT: 310.5 | RPM: 1545 | Torque: 38.0 | Wear: 64
[11:03:03] Step 97  | Risk: 0.0232 | Alert: HEALTHY  | Failure: None            | Air: 300.5 | ProcT: 310.5 | RPM: 1553 | Torque: 38.0 | Wear: 64
[11:03:05] Step 98  | Risk: 0.0234 | Alert: HEALTHY  | Failure: None            | Air: 300.5 | ProcT: 310.5 | RPM: 1550 | Torque: 38.0 | Wear: 64
[11:03:06] Step 99  | Risk: 0.0249 | Alert: HEALTHY  | Failure: None            | Air: 300.6 | ProcT: 310.5 | RPM: 1547 | Torque: 38.0 | Wear: 64
[11:03:08] Step 100 | Risk: 0.0249 | Alert: HEALTHY  | Failure: None            | Air: 300.5 | ProcT: 310.5 | RPM: 1546 | Torque: 38.0 | Wear: 64
[11:03:09] Step 101 | Risk: 0.0252 | Alert: HEALTHY  | Failure: None            | Air: 300.5 | ProcT: 310.5 | RPM: 1546 | Torque: 38.0 | Wear: 65
[11:03:11] Step 102 | Risk: 0.0244 | Alert: HEALTHY  | Failure: None            | Air: 300.5 | ProcT: 310.5 | RPM: 1545 | Torque: 38.0 | Wear: 65
[11:03:12] Step 103 | Risk: 0.0261 | Alert: HEALTHY  | Failure: None            | Air: 300.5 | ProcT: 310.6 | RPM: 1550 | Torque: 38.0 | Wear: 65
[11:03:13] Step 104 | Risk: 0.0247 | Alert: HEALTHY  | Failure: None            | Air: 300.5 | ProcT: 310.5 | RPM: 1552 | Torque: 38.0 | Wear: 65
[11:03:15] Step 105 | Risk: 0.0265 | Alert: HEALTHY  | Failure: None            | Air: 300.5 | ProcT: 310.6 | RPM: 1553 | Torque: 38.0 | Wear: 65
[11:03:17] Step 106 | Risk: 0.0230 | Alert: HEALTHY  | Failure: None            | Air: 300.5 | ProcT: 310.5 | RPM: 1545 | Torque: 38.0 | Wear: 65
[11:03:18] Step 107 | Risk: 0.0264 | Alert: HEALTHY  | Failure: None            | Air: 300.6 | ProcT: 310.6 | RPM: 1546 | Torque: 38.0 | Wear: 65
[11:03:20] Step 108 | Risk: 0.0236 | Alert: HEALTHY  | Failure: None            | Air: 300.5 | ProcT: 310.5 | RPM: 1551 | Torque: 38.0 | Wear: 66
[11:03:21] Step 109 | Risk: 0.0261 | Alert: HEALTHY  | Failure: None            | Air: 300.6 | ProcT: 310.5 | RPM: 1547 | Torque: 38.0 | Wear: 66
[11:03:23] Step 110 | Risk: 0.0246 | Alert: HEALTHY  | Failure: None            | Air: 300.5 | ProcT: 310.5 | RPM: 1550 | Torque: 38.0 | Wear: 66
[11:03:24] Step 111 | Risk: 0.0263 | Alert: HEALTHY  | Failure: None            | Air: 300.6 | ProcT: 310.5 | RPM: 1552 | Torque: 38.0 | Wear: 66
[11:03:26] Step 112 | Risk: 0.0296 | Alert: HEALTHY  | Failure: None            | Air: 300.6 | ProcT: 310.6 | RPM: 1553 | Torque: 38.0 | Wear: 66
[11:03:28] Step 113 | Risk: 0.0282 | Alert: HEALTHY  | Failure: None            | Air: 300.6 | ProcT: 310.5 | RPM: 1545 | Torque: 38.0 | Wear: 66
[11:03:29] Step 114 | Risk: 0.0304 | Alert: HEALTHY  | Failure: None            | Air: 300.5 | ProcT: 310.6 | RPM: 1554 | Torque: 38.0 | Wear: 66
[11:03:31] Step 115 | Risk: 0.0258 | Alert: HEALTHY  | Failure: None            | Air: 300.6 | ProcT: 310.5 | RPM: 1549 | Torque: 38.0 | Wear: 67
[11:03:32] Step 116 | Risk: 0.0291 | Alert: HEALTHY  | Failure: None            | Air: 300.6 | ProcT: 310.6 | RPM: 1552 | Torque: 38.0 | Wear: 67
[11:03:33] Step 117 | Risk: 0.0273 | Alert: HEALTHY  | Failure: None            | Air: 300.6 | ProcT: 310.6 | RPM: 1549 | Torque: 38.0 | Wear: 67
[11:03:35] Step 118 | Risk: 0.0271 | Alert: HEALTHY  | Failure: None            | Air: 300.6 | ProcT: 310.5 | RPM: 1545 | Torque: 38.0 | Wear: 67
[11:03:36] Step 119 | Risk: 0.0249 | Alert: HEALTHY  | Failure: None            | Air: 300.6 | ProcT: 310.5 | RPM: 1545 | Torque: 38.0 | Wear: 67
[11:03:38] Step 120 | Risk: 0.0261 | Alert: HEALTHY  | Failure: None            | Air: 300.6 | ProcT: 310.6 | RPM: 1550 | Torque: 38.0 | Wear: 67
[11:03:40] Step 121 | Risk: 0.0279 | Alert: HEALTHY  | Failure: None            | Air: 300.6 | ProcT: 310.6 | RPM: 1554 | Torque: 38.0 | Wear: 68
[11:03:42] Step 122 | Risk: 0.0289 | Alert: HEALTHY  | Failure: None            | Air: 300.6 | ProcT: 310.6 | RPM: 1553 | Torque: 38.0 | Wear: 68
[11:03:44] Step 123 | Risk: 0.0272 | Alert: HEALTHY  | Failure: None            | Air: 300.6 | ProcT: 310.6 | RPM: 1546 | Torque: 38.0 | Wear: 68
[11:03:45] Step 124 | Risk: 0.0258 | Alert: HEALTHY  | Failure: None            | Air: 300.5 | ProcT: 310.6 | RPM: 1552 | Torque: 38.0 | Wear: 68
[11:03:46] Step 125 | Risk: 0.0235 | Alert: HEALTHY  | Failure: None            | Air: 300.6 | ProcT: 310.5 | RPM: 1551 | Torque: 38.0 | Wear: 68
[11:03:48] Step 126 | Risk: 0.0249 | Alert: HEALTHY  | Failure: None            | Air: 300.6 | ProcT: 310.6 | RPM: 1546 | Torque: 38.0 | Wear: 68
[11:03:50] Step 127 | Risk: 0.0262 | Alert: HEALTHY  | Failure: None            | Air: 300.6 | ProcT: 310.6 | RPM: 1553 | Torque: 38.0 | Wear: 68
[11:03:51] Step 128 | Risk: 0.0286 | Alert: HEALTHY  | Failure: None            | Air: 300.6 | ProcT: 310.6 | RPM: 1550 | Torque: 38.0 | Wear: 69
[11:03:53] Step 129 | Risk: 0.0274 | Alert: HEALTHY  | Failure: None            | Air: 300.6 | ProcT: 310.6 | RPM: 1549 | Torque: 38.0 | Wear: 69
[11:03:55] Step 130 | Risk: 0.0267 | Alert: HEALTHY  | Failure: None            | Air: 300.6 | ProcT: 310.6 | RPM: 1550 | Torque: 38.0 | Wear: 69
[11:03:56] Step 131 | Risk: 0.0253 | Alert: HEALTHY  | Failure: None            | Air: 300.6 | ProcT: 310.6 | RPM: 1546 | Torque: 38.0 | Wear: 69
[11:03:57] Step 132 | Risk: 0.0247 | Alert: HEALTHY  | Failure: None            | Air: 300.6 | ProcT: 310.6 | RPM: 1549 | Torque: 38.0 | Wear: 69
[11:03:59] Step 133 | Risk: 0.0247 | Alert: HEALTHY  | Failure: None            | Air: 300.6 | ProcT: 310.6 | RPM: 1550 | Torque: 38.0 | Wear: 69
[11:04:01] Step 134 | Risk: 0.0249 | Alert: HEALTHY  | Failure: None            | Air: 300.6 | ProcT: 310.6 | RPM: 1549 | Torque: 38.0 | Wear: 69
[11:04:03] Step 135 | Risk: 0.0251 | Alert: HEALTHY  | Failure: None            | Air: 300.6 | ProcT: 310.6 | RPM: 1550 | Torque: 38.0 | Wear: 70
[11:04:05] Step 136 | Risk: 0.0269 | Alert: HEALTHY  | Failure: None            | Air: 300.6 | ProcT: 310.7 | RPM: 1547 | Torque: 38.0 | Wear: 70
[11:04:06] Step 137 | Risk: 0.0254 | Alert: HEALTHY  | Failure: None            | Air: 300.6 | ProcT: 310.6 | RPM: 1545 | Torque: 38.0 | Wear: 70
[11:04:08] Step 138 | Risk: 0.0257 | Alert: HEALTHY  | Failure: None            | Air: 300.6 | ProcT: 310.6 | RPM: 1554 | Torque: 38.0 | Wear: 70
[11:04:10] Step 139 | Risk: 0.0258 | Alert: HEALTHY  | Failure: None            | Air: 300.6 | ProcT: 310.7 | RPM: 1549 | Torque: 38.0 | Wear: 70
[11:04:11] Step 140 | Risk: 0.0256 | Alert: HEALTHY  | Failure: None            | Air: 300.6 | ProcT: 310.6 | RPM: 1547 | Torque: 38.0 | Wear: 70
[11:04:12] Step 141 | Risk: 0.0271 | Alert: HEALTHY  | Failure: None            | Air: 300.7 | ProcT: 310.6 | RPM: 1552 | Torque: 38.0 | Wear: 71
[11:04:14] Step 142 | Risk: 0.0261 | Alert: HEALTHY  | Failure: None            | Air: 300.6 | ProcT: 310.6 | RPM: 1554 | Torque: 38.0 | Wear: 71
[11:04:15] Step 143 | Risk: 0.0281 | Alert: HEALTHY  | Failure: None            | Air: 300.6 | ProcT: 310.6 | RPM: 1551 | Torque: 38.0 | Wear: 71
[11:04:17] Step 144 | Risk: 0.0269 | Alert: HEALTHY  | Failure: None            | Air: 300.6 | ProcT: 310.6 | RPM: 1550 | Torque: 38.0 | Wear: 71
[11:04:18] Step 145 | Risk: 0.0259 | Alert: HEALTHY  | Failure: None            | Air: 300.6 | ProcT: 310.6 | RPM: 1547 | Torque: 38.0 | Wear: 71
[11:04:20] Step 146 | Risk: 0.0258 | Alert: HEALTHY  | Failure: None            | Air: 300.6 | ProcT: 310.6 | RPM: 1551 | Torque: 38.0 | Wear: 71
[11:04:21] Step 147 | Risk: 0.0251 | Alert: HEALTHY  | Failure: None            | Air: 300.6 | ProcT: 310.6 | RPM: 1545 | Torque: 38.0 | Wear: 71
[11:04:23] Step 148 | Risk: 0.0280 | Alert: HEALTHY  | Failure: None            | Air: 300.6 | ProcT: 310.7 | RPM: 1554 | Torque: 38.0 | Wear: 72
[11:04:24] Step 149 | Risk: 0.0295 | Alert: HEALTHY  | Failure: None            | Air: 300.7 | ProcT: 310.7 | RPM: 1545 | Torque: 38.0 | Wear: 72
[11:04:26] Step 150 | Risk: 0.0307 | Alert: HEALTHY  | Failure: None            | Air: 300.6 | ProcT: 310.7 | RPM: 1552 | Torque: 38.0 | Wear: 72
[11:04:28] Step 151 | Risk: 0.0280 | Alert: HEALTHY  | Failure: None            | Air: 300.7 | ProcT: 310.6 | RPM: 1549 | Torque: 38.0 | Wear: 72
[11:04:30] Step 152 | Risk: 0.0282 | Alert: HEALTHY  | Failure: None            | Air: 300.6 | ProcT: 310.7 | RPM: 1548 | Torque: 38.0 | Wear: 72
[11:04:31] Step 153 | Risk: 0.0274 | Alert: HEALTHY  | Failure: None            | Air: 300.6 | ProcT: 310.7 | RPM: 1554 | Torque: 38.0 | Wear: 72
[11:04:33] Step 154 | Risk: 0.0286 | Alert: HEALTHY  | Failure: None            | Air: 300.7 | ProcT: 310.7 | RPM: 1550 | Torque: 38.0 | Wear: 72
[11:04:35] Step 155 | Risk: 0.0270 | Alert: HEALTHY  | Failure: None            | Air: 300.6 | ProcT: 310.7 | RPM: 1550 | Torque: 38.0 | Wear: 73
[11:04:36] Step 156 | Risk: 0.0265 | Alert: HEALTHY  | Failure: None            | Air: 300.7 | ProcT: 310.6 | RPM: 1553 | Torque: 38.0 | Wear: 73
[11:04:38] Step 157 | Risk: 0.0264 | Alert: HEALTHY  | Failure: None            | Air: 300.7 | ProcT: 310.6 | RPM: 1550 | Torque: 38.0 | Wear: 73
[11:04:39] Step 158 | Risk: 0.0268 | Alert: HEALTHY  | Failure: None            | Air: 300.7 | ProcT: 310.6 | RPM: 1546 | Torque: 38.0 | Wear: 73
[11:04:41] Step 159 | Risk: 0.0296 | Alert: HEALTHY  | Failure: None            | Air: 300.6 | ProcT: 310.7 | RPM: 1547 | Torque: 38.0 | Wear: 73
[11:04:43] Step 160 | Risk: 0.0282 | Alert: HEALTHY  | Failure: None            | Air: 300.7 | ProcT: 310.6 | RPM: 1547 | Torque: 38.0 | Wear: 73
[11:04:44] Step 161 | Risk: 0.0316 | Alert: HEALTHY  | Failure: None            | Air: 300.7 | ProcT: 310.7 | RPM: 1550 | Torque: 38.0 | Wear: 74
[11:04:45] Step 162 | Risk: 0.0308 | Alert: HEALTHY  | Failure: None            | Air: 300.7 | ProcT: 310.7 | RPM: 1549 | Torque: 38.0 | Wear: 74
[11:04:46] Step 163 | Risk: 0.0328 | Alert: HEALTHY  | Failure: None            | Air: 300.7 | ProcT: 310.7 | RPM: 1551 | Torque: 38.0 | Wear: 74
[11:04:48] Step 164 | Risk: 0.0298 | Alert: HEALTHY  | Failure: None            | Air: 300.7 | ProcT: 310.7 | RPM: 1546 | Torque: 38.0 | Wear: 74
[11:04:50] Step 165 | Risk: 0.0289 | Alert: HEALTHY  | Failure: None            | Air: 300.7 | ProcT: 310.7 | RPM: 1554 | Torque: 38.0 | Wear: 74
[11:04:51] Step 166 | Risk: 0.0259 | Alert: HEALTHY  | Failure: None            | Air: 300.7 | ProcT: 310.6 | RPM: 1546 | Torque: 38.0 | Wear: 74
[11:04:53] Step 167 | Risk: 0.0278 | Alert: HEALTHY  | Failure: None            | Air: 300.7 | ProcT: 310.7 | RPM: 1553 | Torque: 38.0 | Wear: 74
[11:04:54] Step 168 | Risk: 0.0264 | Alert: HEALTHY  | Failure: None            | Air: 300.7 | ProcT: 310.6 | RPM: 1551 | Torque: 38.0 | Wear: 75
[11:04:56] Step 169 | Risk: 0.0302 | Alert: HEALTHY  | Failure: None            | Air: 300.7 | ProcT: 310.7 | RPM: 1547 | Torque: 38.0 | Wear: 75
[11:04:57] Step 170 | Risk: 0.0287 | Alert: HEALTHY  | Failure: None            | Air: 300.7 | ProcT: 310.7 | RPM: 1546 | Torque: 38.0 | Wear: 75
[11:04:59] Step 171 | Risk: 0.0303 | Alert: HEALTHY  | Failure: None            | Air: 300.7 | ProcT: 310.7 | RPM: 1552 | Torque: 38.0 | Wear: 75
[11:05:01] Step 172 | Risk: 0.0289 | Alert: HEALTHY  | Failure: None            | Air: 300.7 | ProcT: 310.7 | RPM: 1548 | Torque: 38.0 | Wear: 75
[11:05:02] Step 173 | Risk: 0.0287 | Alert: HEALTHY  | Failure: None            | Air: 300.7 | ProcT: 310.7 | RPM: 1554 | Torque: 38.0 | Wear: 75
[11:05:03] Step 174 | Risk: 0.0285 | Alert: HEALTHY  | Failure: None            | Air: 300.7 | ProcT: 310.7 | RPM: 1553 | Torque: 38.0 | Wear: 75
[11:05:05] Step 175 | Risk: 0.0282 | Alert: HEALTHY  | Failure: None            | Air: 300.7 | ProcT: 310.7 | RPM: 1554 | Torque: 38.0 | Wear: 76
[11:05:07] Step 176 | Risk: 0.0274 | Alert: HEALTHY  | Failure: None            | Air: 300.7 | ProcT: 310.7 | RPM: 1550 | Torque: 37.8 | Wear: 76
[11:05:09] Step 177 | Risk: 0.0287 | Alert: HEALTHY  | Failure: None            | Air: 300.8 | ProcT: 310.7 | RPM: 1543 | Torque: 38.2 | Wear: 76
[11:05:10] Step 178 | Risk: 0.0463 | Alert: HEALTHY  | Failure: None            | Air: 301.0 | ProcT: 311.0 | RPM: 1540 | Torque: 38.2 | Wear: 77
[11:05:12] Step 179 | Risk: 0.0869 | Alert: HEALTHY  | Failure: None            | Air: 301.3 | ProcT: 311.3 | RPM: 1536 | Torque: 38.7 | Wear: 78
[11:05:13] Step 180 | Risk: 0.1843 | Alert: HEALTHY  | Failure: None            | Air: 301.7 | ProcT: 311.7 | RPM: 1520 | Torque: 39.5 | Wear: 80
[11:05:15] Step 181 | Risk: 0.3676 | Alert: HEALTHY  | Failure: None            | Air: 302.2 | ProcT: 312.3 | RPM: 1498 | Torque: 40.4 | Wear: 82
[11:05:17] Step 182 | Risk: 0.5807 | Alert: HEALTHY  | Failure: None            | Air: 302.9 | ProcT: 312.8 | RPM: 1487 | Torque: 41.2 | Wear: 85
[11:05:18] Step 183 | Risk: 0.7784 | Alert: CRITICAL | Failure: TWF             | Air: 303.5 | ProcT: 313.5 | RPM: 1468 | Torque: 42.1 | Wear: 88
[11:05:20] Step 184 | Risk: 0.8915 | Alert: CRITICAL | Failure: TWF             | Air: 304.3 | ProcT: 314.3 | RPM: 1442 | Torque: 43.4 | Wear: 91
[11:05:22] Step 185 | Risk: 0.9573 | Alert: CRITICAL | Failure: TWF             | Air: 305.1 | ProcT: 315.1 | RPM: 1416 | Torque: 44.6 | Wear: 94
[11:05:24] Step 186 | Risk: 0.9819 | Alert: CRITICAL | Failure: TWF             | Air: 305.9 | ProcT: 315.9 | RPM: 1388 | Torque: 45.8 | Wear: 98
[11:05:25] Step 187 | Risk: 0.9906 | Alert: CRITICAL | Failure: TWF             | Air: 306.8 | ProcT: 316.8 | RPM: 1361 | Torque: 47.1 | Wear: 102
[11:05:27] Step 188 | Risk: 0.9949 | Alert: CRITICAL | Failure: TWF             | Air: 307.7 | ProcT: 317.7 | RPM: 1343 | Torque: 48.5 | Wear: 106
[11:05:28] Step 189 | Risk: 0.9971 | Alert: CRITICAL | Failure: TWF             | Air: 308.5 | ProcT: 318.5 | RPM: 1313 | Torque: 49.7 | Wear: 109
[11:05:30] Step 190 | Risk: 0.9980 | Alert: CRITICAL | Failure: TWF             | Air: 309.5 | ProcT: 319.4 | RPM: 1285 | Torque: 50.9 | Wear: 113
[11:05:32] Step 191 | Risk: 0.9984 | Alert: CRITICAL | Failure: TWF             | Air: 310.3 | ProcT: 320.2 | RPM: 1261 | Torque: 52.1 | Wear: 117
[11:05:33] Step 192 | Risk: 0.9989 | Alert: CRITICAL | Failure: HDF             | Air: 311.1 | ProcT: 321.2 | RPM: 1233 | Torque: 53.7 | Wear: 121
[11:05:35] Step 193 | Risk: 0.9990 | Alert: CRITICAL | Failure: HDF             | Air: 311.9 | ProcT: 322.0 | RPM: 1211 | Torque: 54.6 | Wear: 124
[11:05:36] Step 194 | Risk: 0.9990 | Alert: CRITICAL | Failure: HDF             | Air: 312.7 | ProcT: 322.7 | RPM: 1188 | Torque: 56.0 | Wear: 127
[11:05:37] Step 195 | Risk: 0.9988 | Alert: CRITICAL | Failure: HDF             | Air: 313.4 | ProcT: 323.4 | RPM: 1167 | Torque: 56.6 | Wear: 130
[11:05:39] Step 196 | Risk: 0.9983 | Alert: CRITICAL | Failure: HDF             | Air: 314.0 | ProcT: 324.0 | RPM: 1150 | Torque: 57.6 | Wear: 133
[11:05:41] Step 197 | Risk: 0.9974 | Alert: CRITICAL | Failure: HDF             | Air: 314.5 | ProcT: 324.5 | RPM: 1133 | Torque: 58.4 | Wear: 135
[11:05:42] Step 198 | Risk: 0.9952 | Alert: CRITICAL | Failure: HDF             | Air: 314.9 | ProcT: 324.9 | RPM: 1114 | Torque: 59.3 | Wear: 137
[11:05:44] Step 199 | Risk: 0.9901 | Alert: CRITICAL | Failure: HDF             | Air: 315.2 | ProcT: 325.2 | RPM: 1110 | Torque: 59.6 | Wear: 138
[11:05:46] Step 200 | Risk: 0.9822 | Alert: CRITICAL | Failure: HDF             | Air: 315.5 | ProcT: 325.5 | RPM: 1105 | Torque: 60.0 | Wear: 139
[11:07:57] --- Session Reset ---
[11:07:59] Step 1   | Risk: 0.0189 | Alert: HEALTHY  | Failure: None            | Air: 300.3 | ProcT: 310.3 | RPM: 1552 | Torque: 38.0 | Wear: 50
[11:08:00] Step 2   | Risk: 0.0189 | Alert: HEALTHY  | Failure: None            | Air: 300.3 | ProcT: 310.3 | RPM: 1547 | Torque: 38.0 | Wear: 50
[11:08:01] Step 3   | Risk: 0.0189 | Alert: HEALTHY  | Failure: None            | Air: 300.3 | ProcT: 310.3 | RPM: 1547 | Torque: 38.0 | Wear: 50
[11:08:03] Step 4   | Risk: 0.0191 | Alert: HEALTHY  | Failure: None            | Air: 300.3 | ProcT: 310.3 | RPM: 1552 | Torque: 38.0 | Wear: 50
[11:08:04] Step 5   | Risk: 0.0192 | Alert: HEALTHY  | Failure: None            | Air: 300.3 | ProcT: 310.3 | RPM: 1549 | Torque: 38.0 | Wear: 50
[11:08:05] Step 6   | Risk: 0.0225 | Alert: HEALTHY  | Failure: None            | Air: 300.4 | ProcT: 310.4 | RPM: 1554 | Torque: 38.0 | Wear: 50
[11:08:06] Step 7   | Risk: 0.0217 | Alert: HEALTHY  | Failure: None            | Air: 300.3 | ProcT: 310.3 | RPM: 1552 | Torque: 38.0 | Wear: 50
[11:08:08] Step 8   | Risk: 0.0237 | Alert: HEALTHY  | Failure: None            | Air: 300.3 | ProcT: 310.4 | RPM: 1553 | Torque: 38.0 | Wear: 51
[11:08:10] Step 9   | Risk: 0.0196 | Alert: HEALTHY  | Failure: None            | Air: 300.3 | ProcT: 310.3 | RPM: 1548 | Torque: 38.0 | Wear: 51
[11:08:11] Step 10  | Risk: 0.0206 | Alert: HEALTHY  | Failure: None            | Air: 300.4 | ProcT: 310.3 | RPM: 1552 | Torque: 38.0 | Wear: 51
[11:08:12] Step 11  | Risk: 0.0188 | Alert: HEALTHY  | Failure: None            | Air: 300.3 | ProcT: 310.3 | RPM: 1545 | Torque: 38.0 | Wear: 51
[11:08:14] Step 12  | Risk: 0.0201 | Alert: HEALTHY  | Failure: None            | Air: 300.3 | ProcT: 310.3 | RPM: 1554 | Torque: 38.0 | Wear: 51
[11:08:15] Step 13  | Risk: 0.0204 | Alert: HEALTHY  | Failure: None            | Air: 300.3 | ProcT: 310.3 | RPM: 1553 | Torque: 38.0 | Wear: 51
[11:08:17] Step 14  | Risk: 0.0205 | Alert: HEALTHY  | Failure: None            | Air: 300.3 | ProcT: 310.3 | RPM: 1554 | Torque: 38.0 | Wear: 51
[11:08:19] Step 15  | Risk: 0.0214 | Alert: HEALTHY  | Failure: None            | Air: 300.4 | ProcT: 310.3 | RPM: 1550 | Torque: 38.0 | Wear: 52
[11:08:20] Step 16  | Risk: 0.0213 | Alert: HEALTHY  | Failure: None            | Air: 300.3 | ProcT: 310.3 | RPM: 1554 | Torque: 38.0 | Wear: 52
[11:08:22] Step 17  | Risk: 0.0229 | Alert: HEALTHY  | Failure: None            | Air: 300.3 | ProcT: 310.4 | RPM: 1545 | Torque: 38.0 | Wear: 52
[11:08:24] Step 18  | Risk: 0.0234 | Alert: HEALTHY  | Failure: None            | Air: 300.4 | ProcT: 310.4 | RPM: 1553 | Torque: 38.0 | Wear: 52
[11:08:25] Step 19  | Risk: 0.0220 | Alert: HEALTHY  | Failure: None            | Air: 300.3 | ProcT: 310.3 | RPM: 1553 | Torque: 38.0 | Wear: 52
[11:08:26] Step 20  | Risk: 0.0206 | Alert: HEALTHY  | Failure: None            | Air: 300.3 | ProcT: 310.3 | RPM: 1551 | Torque: 38.0 | Wear: 52
[11:08:28] Step 21  | Risk: 0.0203 | Alert: HEALTHY  | Failure: None            | Air: 300.3 | ProcT: 310.4 | RPM: 1547 | Torque: 38.0 | Wear: 53
[11:08:29] Step 22  | Risk: 0.0217 | Alert: HEALTHY  | Failure: None            | Air: 300.4 | ProcT: 310.4 | RPM: 1549 | Torque: 38.0 | Wear: 53
[11:08:30] Step 23  | Risk: 0.0217 | Alert: HEALTHY  | Failure: None            | Air: 300.4 | ProcT: 310.3 | RPM: 1554 | Torque: 38.0 | Wear: 53
[11:08:32] Step 24  | Risk: 0.0207 | Alert: HEALTHY  | Failure: None            | Air: 300.3 | ProcT: 310.3 | RPM: 1549 | Torque: 38.0 | Wear: 53
[11:08:34] Step 25  | Risk: 0.0206 | Alert: HEALTHY  | Failure: None            | Air: 300.3 | ProcT: 310.3 | RPM: 1553 | Torque: 38.0 | Wear: 53
[11:08:35] Step 26  | Risk: 0.0203 | Alert: HEALTHY  | Failure: None            | Air: 300.3 | ProcT: 310.3 | RPM: 1551 | Torque: 38.0 | Wear: 53
[11:08:37] Step 27  | Risk: 0.0198 | Alert: HEALTHY  | Failure: None            | Air: 300.3 | ProcT: 310.3 | RPM: 1549 | Torque: 38.0 | Wear: 53
[11:08:38] Step 28  | Risk: 0.0211 | Alert: HEALTHY  | Failure: None            | Air: 300.3 | ProcT: 310.4 | RPM: 1550 | Torque: 38.0 | Wear: 54
[11:08:40] Step 29  | Risk: 0.0203 | Alert: HEALTHY  | Failure: None            | Air: 300.3 | ProcT: 310.3 | RPM: 1551 | Torque: 38.0 | Wear: 54
[11:08:42] Step 30  | Risk: 0.0236 | Alert: HEALTHY  | Failure: None            | Air: 300.4 | ProcT: 310.4 | RPM: 1553 | Torque: 38.0 | Wear: 54
[11:08:43] Step 31  | Risk: 0.0219 | Alert: HEALTHY  | Failure: None            | Air: 300.4 | ProcT: 310.3 | RPM: 1550 | Torque: 38.0 | Wear: 54
[11:08:44] Step 32  | Risk: 0.0237 | Alert: HEALTHY  | Failure: None            | Air: 300.4 | ProcT: 310.3 | RPM: 1548 | Torque: 38.0 | Wear: 54
[11:08:46] Step 33  | Risk: 0.0240 | Alert: HEALTHY  | Failure: None            | Air: 300.4 | ProcT: 310.4 | RPM: 1552 | Torque: 38.0 | Wear: 54
[11:08:47] Step 34  | Risk: 0.0245 | Alert: HEALTHY  | Failure: None            | Air: 300.4 | ProcT: 310.4 | RPM: 1549 | Torque: 38.0 | Wear: 54
[11:08:48] Step 35  | Risk: 0.0240 | Alert: HEALTHY  | Failure: None            | Air: 300.3 | ProcT: 310.4 | RPM: 1550 | Torque: 38.0 | Wear: 55
[11:08:50] Step 36  | Risk: 0.0216 | Alert: HEALTHY  | Failure: None            | Air: 300.4 | ProcT: 310.4 | RPM: 1550 | Torque: 38.0 | Wear: 55
[11:08:52] --- Session Reset ---
[11:08:52] Step 1   | Risk: 0.0184 | Alert: HEALTHY  | Failure: None            | Air: 300.3 | ProcT: 310.4 | RPM: 1549 | Torque: 38.0 | Wear: 55
[11:08:53] Step 2   | Risk: 0.0548 | Alert: HEALTHY  | Failure: None            | Air: 300.6 | ProcT: 310.5 | RPM: 1501 | Torque: 38.9 | Wear: 50
[11:08:54] Step 3   | Risk: 0.0465 | Alert: HEALTHY  | Failure: None            | Air: 300.4 | ProcT: 310.4 | RPM: 1549 | Torque: 38.0 | Wear: 55
[11:08:55] Step 4   | Risk: 0.2624 | Alert: HEALTHY  | Failure: None            | Air: 301.1 | ProcT: 311.8 | RPM: 1499 | Torque: 38.7 | Wear: 52
[11:08:55] Step 5   | Risk: 0.2329 | Alert: HEALTHY  | Failure: None            | Air: 300.3 | ProcT: 310.4 | RPM: 1548 | Torque: 38.0 | Wear: 55
[11:08:57] Step 6   | Risk: 0.2488 | Alert: HEALTHY  | Failure: None            | Air: 300.3 | ProcT: 311.0 | RPM: 1538 | Torque: 38.1 | Wear: 54
[11:08:57] Step 7   | Risk: 0.0303 | Alert: HEALTHY  | Failure: None            | Air: 300.4 | ProcT: 310.4 | RPM: 1551 | Torque: 38.0 | Wear: 55
[11:08:59] Step 8   | Risk: 0.0295 | Alert: HEALTHY  | Failure: None            | Air: 299.6 | ProcT: 308.9 | RPM: 1540 | Torque: 41.0 | Wear: 56
[11:08:59] Step 9   | Risk: 0.1253 | Alert: HEALTHY  | Failure: None            | Air: 300.4 | ProcT: 310.4 | RPM: 1548 | Torque: 38.0 | Wear: 56
[11:09:00] Step 10  | Risk: 0.1894 | Alert: HEALTHY  | Failure: None            | Air: 300.3 | ProcT: 311.5 | RPM: 1519 | Torque: 38.4 | Wear: 58
[11:09:01] Step 11  | Risk: 0.2403 | Alert: HEALTHY  | Failure: None            | Air: 301.1 | ProcT: 311.5 | RPM: 1531 | Torque: 39.4 | Wear: 60
[11:09:01] Step 12  | Risk: 0.1251 | Alert: HEALTHY  | Failure: None            | Air: 300.4 | ProcT: 310.4 | RPM: 1545 | Torque: 38.0 | Wear: 56
[11:09:03] Step 13  | Risk: 0.0595 | Alert: HEALTHY  | Failure: None            | Air: 300.1 | ProcT: 309.7 | RPM: 1494 | Torque: 40.0 | Wear: 62
[11:09:03] Step 14  | Risk: 0.0341 | Alert: HEALTHY  | Failure: None            | Air: 300.4 | ProcT: 310.4 | RPM: 1551 | Torque: 38.0 | Wear: 56
[11:09:04] Step 15  | Risk: 0.0635 | Alert: HEALTHY  | Failure: None            | Air: 300.2 | ProcT: 311.3 | RPM: 1508 | Torque: 40.4 | Wear: 64
[11:09:04] Step 16  | Risk: 0.0635 | Alert: HEALTHY  | Failure: None            | Air: 300.4 | ProcT: 310.4 | RPM: 1545 | Torque: 38.0 | Wear: 56
[11:09:06] Step 17  | Risk: 0.0548 | Alert: HEALTHY  | Failure: None            | Air: 300.4 | ProcT: 310.4 | RPM: 1547 | Torque: 38.0 | Wear: 56
[11:09:06] Step 18  | Risk: 0.0328 | Alert: HEALTHY  | Failure: None            | Air: 300.0 | ProcT: 310.6 | RPM: 1538 | Torque: 40.2 | Wear: 66
[11:09:07] Step 19  | Risk: 0.0338 | Alert: HEALTHY  | Failure: None            | Air: 299.0 | ProcT: 310.8 | RPM: 1510 | Torque: 39.0 | Wear: 68
[11:09:08] Step 20  | Risk: 0.0220 | Alert: HEALTHY  | Failure: None            | Air: 300.4 | ProcT: 310.4 | RPM: 1552 | Torque: 38.0 | Wear: 56
[11:09:09] Step 21  | Risk: 0.0217 | Alert: HEALTHY  | Failure: None            | Air: 301.4 | ProcT: 309.7 | RPM: 1513 | Torque: 39.0 | Wear: 70
[11:09:09] Step 22  | Risk: 0.0869 | Alert: HEALTHY  | Failure: None            | Air: 300.4 | ProcT: 310.4 | RPM: 1553 | Torque: 38.0 | Wear: 56
[11:09:10] Step 23  | Risk: 0.3590 | Alert: HEALTHY  | Failure: None            | Air: 301.2 | ProcT: 311.1 | RPM: 1471 | Torque: 42.4 | Wear: 91
[11:09:11] Step 24  | Risk: 0.3513 | Alert: HEALTHY  | Failure: None            | Air: 300.4 | ProcT: 310.4 | RPM: 1546 | Torque: 38.0 | Wear: 57
[11:09:12] Step 25  | Risk: 0.2987 | Alert: HEALTHY  | Failure: None            | Air: 300.4 | ProcT: 310.4 | RPM: 1547 | Torque: 38.0 | Wear: 57
[11:09:12] Step 26  | Risk: 0.0298 | Alert: HEALTHY  | Failure: None            | Air: 299.7 | ProcT: 309.6 | RPM: 1484 | Torque: 43.9 | Wear: 111
[11:09:13] Step 27  | Risk: 0.0546 | Alert: HEALTHY  | Failure: None            | Air: 300.4 | ProcT: 310.4 | RPM: 1552 | Torque: 38.0 | Wear: 57
[11:09:13] Step 28  | Risk: 0.3085 | Alert: HEALTHY  | Failure: None            | Air: 300.3 | ProcT: 311.4 | RPM: 1500 | Torque: 46.2 | Wear: 131
[11:09:14] Step 29  | Risk: 0.3019 | Alert: HEALTHY  | Failure: None            | Air: 300.5 | ProcT: 310.4 | RPM: 1547 | Torque: 38.0 | Wear: 57
[11:09:15] Step 30  | Risk: 0.5163 | Alert: HEALTHY  | Failure: None            | Air: 300.4 | ProcT: 310.5 | RPM: 1492 | Torque: 47.6 | Wear: 150
[11:09:16] Step 31  | Risk: 0.2520 | Alert: HEALTHY  | Failure: None            | Air: 300.4 | ProcT: 310.4 | RPM: 1550 | Torque: 38.0 | Wear: 57
[11:09:17] Step 32  | Risk: 0.5463 | Alert: HEALTHY  | Failure: None            | Air: 300.3 | ProcT: 311.5 | RPM: 1516 | Torque: 48.8 | Wear: 169
[11:09:17] Step 33  | Risk: 0.3021 | Alert: HEALTHY  | Failure: None            | Air: 300.4 | ProcT: 310.4 | RPM: 1549 | Torque: 38.0 | Wear: 57
[11:09:18] Step 34  | Risk: 0.3058 | Alert: HEALTHY  | Failure: None            | Air: 300.4 | ProcT: 310.4 | RPM: 1549 | Torque: 38.0 | Wear: 57
[11:09:19] Step 35  | Risk: 0.3286 | Alert: HEALTHY  | Failure: None            | Air: 300.7 | ProcT: 311.5 | RPM: 1501 | Torque: 49.4 | Wear: 187
[11:09:19] Step 36  | Risk: 0.3285 | Alert: HEALTHY  | Failure: None            | Air: 300.5 | ProcT: 310.4 | RPM: 1547 | Torque: 38.0 | Wear: 58
[11:09:20] Step 37  | Risk: 0.6515 | Alert: WARNING  | Failure: TWF             | Air: 301.7 | ProcT: 311.5 | RPM: 1490 | Torque: 51.4 | Wear: 205
[11:09:21] Step 38  | Risk: 0.3338 | Alert: HEALTHY  | Failure: None            | Air: 300.4 | ProcT: 310.4 | RPM: 1554 | Torque: 38.0 | Wear: 58
[11:09:21] Step 39  | Risk: 0.6659 | Alert: WARNING  | Failure: TWF             | Air: 301.8 | ProcT: 311.7 | RPM: 1503 | Torque: 53.2 | Wear: 223
[11:09:23] Step 40  | Risk: 0.3354 | Alert: HEALTHY  | Failure: None            | Air: 300.5 | ProcT: 310.5 | RPM: 1546 | Torque: 38.0 | Wear: 58
[11:09:23] Step 41  | Risk: 0.6671 | Alert: WARNING  | Failure: TWF             | Air: 302.0 | ProcT: 312.0 | RPM: 1500 | Torque: 55.0 | Wear: 240
[11:09:24] Step 42  | Risk: 0.3350 | Alert: HEALTHY  | Failure: None            | Air: 300.4 | ProcT: 310.4 | RPM: 1549 | Torque: 38.0 | Wear: 58
[11:09:25] Step 43  | Risk: 0.3376 | Alert: HEALTHY  | Failure: None            | Air: 300.3 | ProcT: 310.3 | RPM: 1552 | Torque: 38.0 | Wear: 50
[11:09:26] Step 44  | Risk: 0.0239 | Alert: HEALTHY  | Failure: None            | Air: 300.4 | ProcT: 310.4 | RPM: 1546 | Torque: 38.0 | Wear: 58
[11:09:27] Step 45  | Risk: 0.0267 | Alert: HEALTHY  | Failure: None            | Air: 300.3 | ProcT: 310.3 | RPM: 1547 | Torque: 38.0 | Wear: 50
[11:09:27] Step 46  | Risk: 0.0324 | Alert: HEALTHY  | Failure: None            | Air: 300.4 | ProcT: 310.4 | RPM: 1551 | Torque: 38.0 | Wear: 58
[11:09:28] Step 47  | Risk: 0.0185 | Alert: HEALTHY  | Failure: None            | Air: 300.3 | ProcT: 310.3 | RPM: 1547 | Torque: 38.0 | Wear: 50
[11:09:29] Step 48  | Risk: 0.0247 | Alert: HEALTHY  | Failure: None            | Air: 300.4 | ProcT: 310.4 | RPM: 1545 | Torque: 38.0 | Wear: 59
[11:09:30] Step 49  | Risk: 0.0273 | Alert: HEALTHY  | Failure: None            | Air: 300.5 | ProcT: 310.5 | RPM: 1549 | Torque: 38.0 | Wear: 59
[11:09:30] Step 50  | Risk: 0.0263 | Alert: HEALTHY  | Failure: None            | Air: 300.3 | ProcT: 310.3 | RPM: 1552 | Torque: 38.0 | Wear: 50
[11:09:31] Step 51  | Risk: 0.0317 | Alert: HEALTHY  | Failure: None            | Air: 300.5 | ProcT: 310.5 | RPM: 1547 | Torque: 38.0 | Wear: 59
[11:09:31] Step 52  | Risk: 0.0239 | Alert: HEALTHY  | Failure: None            | Air: 300.3 | ProcT: 310.3 | RPM: 1549 | Torque: 38.0 | Wear: 50
[11:09:32] Step 53  | Risk: 0.0316 | Alert: HEALTHY  | Failure: None            | Air: 300.5 | ProcT: 310.5 | RPM: 1546 | Torque: 38.0 | Wear: 59
[11:09:33] Step 54  | Risk: 0.0237 | Alert: HEALTHY  | Failure: None            | Air: 300.4 | ProcT: 310.4 | RPM: 1554 | Torque: 38.0 | Wear: 50
[11:09:34] Step 55  | Risk: 0.0266 | Alert: HEALTHY  | Failure: None            | Air: 300.4 | ProcT: 310.4 | RPM: 1548 | Torque: 38.0 | Wear: 59
[11:09:34] Step 56  | Risk: 0.0203 | Alert: HEALTHY  | Failure: None            | Air: 300.3 | ProcT: 310.3 | RPM: 1552 | Torque: 38.0 | Wear: 50
[11:09:35] Step 57  | Risk: 0.0252 | Alert: HEALTHY  | Failure: None            | Air: 300.5 | ProcT: 310.5 | RPM: 1547 | Torque: 38.0 | Wear: 59
[11:09:35] Step 58  | Risk: 0.0232 | Alert: HEALTHY  | Failure: None            | Air: 300.3 | ProcT: 310.4 | RPM: 1553 | Torque: 38.0 | Wear: 51
[11:09:36] Step 59  | Risk: 0.0287 | Alert: HEALTHY  | Failure: None            | Air: 300.5 | ProcT: 310.5 | RPM: 1549 | Torque: 38.0 | Wear: 59
[11:09:36] Step 60  | Risk: 0.0216 | Alert: HEALTHY  | Failure: None            | Air: 300.3 | ProcT: 310.3 | RPM: 1548 | Torque: 38.0 | Wear: 51
[11:09:37] Step 61  | Risk: 0.0271 | Alert: HEALTHY  | Failure: None            | Air: 300.4 | ProcT: 310.5 | RPM: 1550 | Torque: 38.0 | Wear: 60
[11:09:38] Step 62  | Risk: 0.0210 | Alert: HEALTHY  | Failure: None            | Air: 300.4 | ProcT: 310.3 | RPM: 1552 | Torque: 38.0 | Wear: 51
[11:09:38] Step 63  | Risk: 0.0264 | Alert: HEALTHY  | Failure: None            | Air: 300.5 | ProcT: 310.4 | RPM: 1552 | Torque: 38.0 | Wear: 60
[11:09:39] --- Session Reset ---
[11:09:40] Step 1   | Risk: 0.0190 | Alert: HEALTHY  | Failure: None            | Air: 300.3 | ProcT: 310.3 | RPM: 1545 | Torque: 38.0 | Wear: 51
[11:09:40] Step 2   | Risk: 0.0407 | Alert: HEALTHY  | Failure: None            | Air: 300.5 | ProcT: 310.4 | RPM: 1547 | Torque: 38.0 | Wear: 60
[11:09:40] Step 3   | Risk: 0.0272 | Alert: HEALTHY  | Failure: None            | Air: 299.8 | ProcT: 308.1 | RPM: 1507 | Torque: 40.7 | Wear: 50
[11:09:41] Step 4   | Risk: 0.3071 | Alert: HEALTHY  | Failure: None            | Air: 300.5 | ProcT: 310.4 | RPM: 1546 | Torque: 38.0 | Wear: 60
[11:09:41] Step 5   | Risk: 0.2882 | Alert: HEALTHY  | Failure: None            | Air: 299.9 | ProcT: 309.2 | RPM: 1512 | Torque: 41.5 | Wear: 52
[11:09:41] Step 6   | Risk: 0.3911 | Alert: HEALTHY  | Failure: None            | Air: 300.3 | ProcT: 310.3 | RPM: 1554 | Torque: 38.0 | Wear: 51
[11:09:43] Step 7   | Risk: 0.1445 | Alert: HEALTHY  | Failure: None            | Air: 300.3 | ProcT: 309.9 | RPM: 1457 | Torque: 41.3 | Wear: 54
[11:09:43] Step 8   | Risk: 0.1864 | Alert: HEALTHY  | Failure: None            | Air: 300.5 | ProcT: 310.4 | RPM: 1548 | Torque: 38.0 | Wear: 60
[11:09:43] Step 9   | Risk: 0.1106 | Alert: HEALTHY  | Failure: None            | Air: 300.3 | ProcT: 310.3 | RPM: 1553 | Torque: 38.0 | Wear: 51
[11:09:44] Step 10  | Risk: 0.0968 | Alert: HEALTHY  | Failure: None            | Air: 300.2 | ProcT: 310.7 | RPM: 1516 | Torque: 39.5 | Wear: 56
[11:09:45] Step 11  | Risk: 0.0654 | Alert: HEALTHY  | Failure: None            | Air: 300.4 | ProcT: 310.5 | RPM: 1554 | Torque: 38.0 | Wear: 60
[11:09:45] Step 12  | Risk: 0.0429 | Alert: HEALTHY  | Failure: None            | Air: 300.3 | ProcT: 310.3 | RPM: 1554 | Torque: 38.0 | Wear: 51
[11:09:45] Step 13  | Risk: 0.0661 | Alert: HEALTHY  | Failure: None            | Air: 298.2 | ProcT: 311.8 | RPM: 1488 | Torque: 41.5 | Wear: 58
[11:09:46] Step 14  | Risk: 0.0546 | Alert: HEALTHY  | Failure: None            | Air: 300.4 | ProcT: 310.3 | RPM: 1550 | Torque: 38.0 | Wear: 52
[11:09:47] Step 15  | Risk: 0.0742 | Alert: HEALTHY  | Failure: None            | Air: 300.5 | ProcT: 310.5 | RPM: 1548 | Torque: 38.0 | Wear: 60
[11:09:47] Step 16  | Risk: 0.0259 | Alert: HEALTHY  | Failure: None            | Air: 300.5 | ProcT: 308.7 | RPM: 1463 | Torque: 41.2 | Wear: 60
[11:09:48] Step 17  | Risk: 0.2760 | Alert: HEALTHY  | Failure: None            | Air: 300.3 | ProcT: 310.3 | RPM: 1554 | Torque: 38.0 | Wear: 52
[11:09:48] Step 18  | Risk: 0.2822 | Alert: HEALTHY  | Failure: None            | Air: 300.5 | ProcT: 310.5 | RPM: 1546 | Torque: 38.0 | Wear: 61
[11:09:49] Step 19  | Risk: 0.2987 | Alert: HEALTHY  | Failure: None            | Air: 298.0 | ProcT: 311.2 | RPM: 1513 | Torque: 40.8 | Wear: 62
[11:09:49] Step 20  | Risk: 0.0671 | Alert: HEALTHY  | Failure: None            | Air: 300.4 | ProcT: 310.5 | RPM: 1554 | Torque: 38.0 | Wear: 61
[11:09:50] Step 21  | Risk: 0.0476 | Alert: HEALTHY  | Failure: None            | Air: 300.3 | ProcT: 310.4 | RPM: 1545 | Torque: 38.0 | Wear: 52
[11:09:50] Step 22  | Risk: 0.0357 | Alert: HEALTHY  | Failure: None            | Air: 300.9 | ProcT: 309.3 | RPM: 1549 | Torque: 39.8 | Wear: 64
[11:09:51] Step 23  | Risk: 0.2430 | Alert: HEALTHY  | Failure: None            | Air: 300.5 | ProcT: 310.4 | RPM: 1552 | Torque: 38.0 | Wear: 61
[11:09:51] Step 24  | Risk: 0.2437 | Alert: HEALTHY  | Failure: None            | Air: 300.4 | ProcT: 310.4 | RPM: 1553 | Torque: 38.0 | Wear: 52
[11:09:52] Step 25  | Risk: 0.2533 | Alert: HEALTHY  | Failure: None            | Air: 299.7 | ProcT: 310.3 | RPM: 1528 | Torque: 41.9 | Wear: 66
[11:09:53] Step 26  | Risk: 0.0539 | Alert: HEALTHY  | Failure: None            | Air: 300.5 | ProcT: 310.5 | RPM: 1545 | Torque: 38.0 | Wear: 61
[11:09:53] Step 27  | Risk: 0.0475 | Alert: HEALTHY  | Failure: None            | Air: 300.3 | ProcT: 310.3 | RPM: 1553 | Torque: 38.0 | Wear: 52
[11:09:54] Step 28  | Risk: 0.0336 | Alert: HEALTHY  | Failure: None            | Air: 300.8 | ProcT: 308.7 | RPM: 1488 | Torque: 39.7 | Wear: 68
[11:09:54] Step 29  | Risk: 0.2585 | Alert: HEALTHY  | Failure: None            | Air: 300.5 | ProcT: 310.5 | RPM: 1547 | Torque: 38.0 | Wear: 61
[11:09:55] Step 30  | Risk: 0.2631 | Alert: HEALTHY  | Failure: None            | Air: 300.3 | ProcT: 310.3 | RPM: 1551 | Torque: 38.0 | Wear: 52
[11:09:55] Step 31  | Risk: 0.2970 | Alert: HEALTHY  | Failure: None            | Air: 300.5 | ProcT: 310.5 | RPM: 1548 | Torque: 38.0 | Wear: 61
[11:09:56] Step 32  | Risk: 0.0569 | Alert: HEALTHY  | Failure: None            | Air: 301.2 | ProcT: 309.5 | RPM: 1452 | Torque: 39.7 | Wear: 70
[11:09:56] Step 33  | Risk: 0.1350 | Alert: HEALTHY  | Failure: None            | Air: 300.4 | ProcT: 310.5 | RPM: 1547 | Torque: 38.0 | Wear: 62
[11:09:56] Step 34  | Risk: 0.1163 | Alert: HEALTHY  | Failure: None            | Air: 300.3 | ProcT: 310.4 | RPM: 1547 | Torque: 38.0 | Wear: 53
[11:09:57] Step 35  | Risk: 0.1081 | Alert: HEALTHY  | Failure: None            | Air: 299.7 | ProcT: 309.7 | RPM: 1515 | Torque: 40.1 | Wear: 72
[11:09:58] Step 36  | Risk: 0.0699 | Alert: HEALTHY  | Failure: None            | Air: 301.9 | ProcT: 309.2 | RPM: 1493 | Torque: 38.8 | Wear: 74
[11:09:58] Step 37  | Risk: 0.2035 | Alert: HEALTHY  | Failure: None            | Air: 300.4 | ProcT: 310.4 | RPM: 1549 | Torque: 38.0 | Wear: 53
[11:09:58] Step 38  | Risk: 0.2382 | Alert: HEALTHY  | Failure: None            | Air: 300.4 | ProcT: 310.4 | RPM: 1547 | Torque: 38.0 | Wear: 62
[11:09:59] Step 39  | Risk: 0.2456 | Alert: HEALTHY  | Failure: None            | Air: 300.4 | ProcT: 310.3 | RPM: 1554 | Torque: 38.0 | Wear: 53
[11:10:00] Step 40  | Risk: 0.0976 | Alert: HEALTHY  | Failure: None            | Air: 298.9 | ProcT: 308.9 | RPM: 1391 | Torque: 47.4 | Wear: 84
[11:10:00] Step 41  | Risk: 0.2622 | Alert: HEALTHY  | Failure: None            | Air: 300.4 | ProcT: 310.5 | RPM: 1547 | Torque: 38.0 | Wear: 62
[11:10:01] Step 42  | Risk: 0.2219 | Alert: HEALTHY  | Failure: None            | Air: 300.3 | ProcT: 310.3 | RPM: 1549 | Torque: 38.0 | Wear: 53
[11:10:02] Step 43  | Risk: 0.2376 | Alert: HEALTHY  | Failure: None            | Air: 299.9 | ProcT: 309.5 | RPM: 1277 | Torque: 50.4 | Wear: 93
[11:10:02] Step 44  | Risk: 0.3206 | Alert: HEALTHY  | Failure: None            | Air: 300.5 | ProcT: 310.5 | RPM: 1545 | Torque: 38.0 | Wear: 62
[11:10:02] Step 45  | Risk: 0.3197 | Alert: HEALTHY  | Failure: None            | Air: 300.3 | ProcT: 310.3 | RPM: 1553 | Torque: 38.0 | Wear: 53
[11:10:04] Step 46  | Risk: 0.6335 | Alert: WARNING  | Failure: HDF             | Air: 300.8 | ProcT: 312.3 | RPM: 1187 | Torque: 56.9 | Wear: 101
[11:10:04] Step 47  | Risk: 0.3521 | Alert: HEALTHY  | Failure: None            | Air: 300.5 | ProcT: 310.5 | RPM: 1550 | Torque: 38.0 | Wear: 62
[11:10:04] Step 48  | Risk: 0.3502 | Alert: HEALTHY  | Failure: None            | Air: 300.3 | ProcT: 310.3 | RPM: 1551 | Torque: 38.0 | Wear: 53
[11:10:05] Step 49  | Risk: 0.0670 | Alert: HEALTHY  | Failure: None            | Air: 300.5 | ProcT: 310.5 | RPM: 1546 | Torque: 38.0 | Wear: 62
[11:10:05] Step 50  | Risk: 0.0679 | Alert: HEALTHY  | Failure: None            | Air: 300.3 | ProcT: 310.3 | RPM: 1549 | Torque: 38.0 | Wear: 53
[11:10:06] Step 51  | Risk: 0.3868 | Alert: HEALTHY  | Failure: None            | Air: 302.2 | ProcT: 312.6 | RPM: 1088 | Torque: 63.5 | Wear: 109
[11:10:06] Step 52  | Risk: 0.3412 | Alert: HEALTHY  | Failure: None            | Air: 300.5 | ProcT: 310.5 | RPM: 1554 | Torque: 38.0 | Wear: 62
[11:10:07] Step 53  | Risk: 0.3823 | Alert: HEALTHY  | Failure: None            | Air: 300.3 | ProcT: 310.4 | RPM: 1550 | Torque: 38.0 | Wear: 54
[11:10:07] Step 54  | Risk: 0.3824 | Alert: HEALTHY  | Failure: None            | Air: 302.5 | ProcT: 312.7 | RPM: 987 | Torque: 68.9 | Wear: 117
[11:10:08] Step 55  | Risk: 0.3806 | Alert: HEALTHY  | Failure: None            | Air: 300.5 | ProcT: 310.5 | RPM: 1550 | Torque: 38.0 | Wear: 63
[11:10:08] Step 56  | Risk: 0.3939 | Alert: HEALTHY  | Failure: None            | Air: 300.3 | ProcT: 310.3 | RPM: 1551 | Torque: 38.0 | Wear: 54
[11:10:09] Step 57  | Risk: 0.3939 | Alert: HEALTHY  | Failure: None            | Air: 302.3 | ProcT: 312.6 | RPM: 894 | Torque: 74.4 | Wear: 124
[11:10:09] Step 58  | Risk: 0.3941 | Alert: HEALTHY  | Failure: None            | Air: 300.5 | ProcT: 310.5 | RPM: 1548 | Torque: 38.0 | Wear: 63
[11:10:09] Step 59  | Risk: 0.4268 | Alert: HEALTHY  | Failure: None            | Air: 300.4 | ProcT: 310.4 | RPM: 1553 | Torque: 38.0 | Wear: 54
[11:10:10] Step 60  | Risk: 0.2486 | Alert: HEALTHY  | Failure: None            | Air: 300.5 | ProcT: 310.5 | RPM: 1548 | Torque: 38.0 | Wear: 63
[11:10:10] Step 61  | Risk: 0.5812 | Alert: HEALTHY  | Failure: None            | Air: 303.0 | ProcT: 313.0 | RPM: 800 | Torque: 80.0 | Wear: 130
[11:10:11] Step 62  | Risk: 0.4901 | Alert: HEALTHY  | Failure: None            | Air: 300.4 | ProcT: 310.3 | RPM: 1550 | Torque: 38.0 | Wear: 54
[11:10:12] Step 63  | Risk: 0.5506 | Alert: WARNING  | Failure: TWF             | Air: 300.5 | ProcT: 310.5 | RPM: 1547 | Torque: 38.0 | Wear: 63
[12:13:42] --- Session Reset ---
[12:13:44] Step 1   | Risk: 0.0189 | Alert: HEALTHY  | Failure: None            | Air: 300.3 | ProcT: 310.3 | RPM: 1552 | Torque: 38.0 | Wear: 50
[12:13:45] Step 2   | Risk: 0.0189 | Alert: HEALTHY  | Failure: None            | Air: 300.3 | ProcT: 310.3 | RPM: 1547 | Torque: 38.0 | Wear: 50
[12:13:46] Step 3   | Risk: 0.0189 | Alert: HEALTHY  | Failure: None            | Air: 300.3 | ProcT: 310.3 | RPM: 1547 | Torque: 38.0 | Wear: 50
[12:13:47] Step 4   | Risk: 0.0191 | Alert: HEALTHY  | Failure: None            | Air: 300.3 | ProcT: 310.3 | RPM: 1552 | Torque: 38.0 | Wear: 50
[12:13:49] Step 5   | Risk: 0.0192 | Alert: HEALTHY  | Failure: None            | Air: 300.3 | ProcT: 310.3 | RPM: 1549 | Torque: 38.0 | Wear: 50
[12:13:50] Step 6   | Risk: 0.0225 | Alert: HEALTHY  | Failure: None            | Air: 300.4 | ProcT: 310.4 | RPM: 1554 | Torque: 38.0 | Wear: 50
[12:13:52] Step 7   | Risk: 0.0217 | Alert: HEALTHY  | Failure: None            | Air: 300.3 | ProcT: 310.3 | RPM: 1552 | Torque: 38.0 | Wear: 50
[12:13:53] Step 8   | Risk: 0.0237 | Alert: HEALTHY  | Failure: None            | Air: 300.3 | ProcT: 310.4 | RPM: 1553 | Torque: 38.0 | Wear: 51
[12:13:54] Step 9   | Risk: 0.0196 | Alert: HEALTHY  | Failure: None            | Air: 300.3 | ProcT: 310.3 | RPM: 1548 | Torque: 38.0 | Wear: 51
[12:13:55] Step 10  | Risk: 0.0206 | Alert: HEALTHY  | Failure: None            | Air: 300.4 | ProcT: 310.3 | RPM: 1552 | Torque: 38.0 | Wear: 51
[12:13:56] Step 11  | Risk: 0.0188 | Alert: HEALTHY  | Failure: None            | Air: 300.3 | ProcT: 310.3 | RPM: 1545 | Torque: 38.0 | Wear: 51
[12:13:57] Step 12  | Risk: 0.0201 | Alert: HEALTHY  | Failure: None            | Air: 300.3 | ProcT: 310.3 | RPM: 1554 | Torque: 38.0 | Wear: 51
[12:13:59] Step 13  | Risk: 0.0204 | Alert: HEALTHY  | Failure: None            | Air: 300.3 | ProcT: 310.3 | RPM: 1553 | Torque: 38.0 | Wear: 51
[12:14:00] Step 14  | Risk: 0.0205 | Alert: HEALTHY  | Failure: None            | Air: 300.3 | ProcT: 310.3 | RPM: 1554 | Torque: 38.0 | Wear: 51
[12:14:02] Step 15  | Risk: 0.0214 | Alert: HEALTHY  | Failure: None            | Air: 300.4 | ProcT: 310.3 | RPM: 1550 | Torque: 38.0 | Wear: 52
[12:14:03] Step 16  | Risk: 0.0213 | Alert: HEALTHY  | Failure: None            | Air: 300.3 | ProcT: 310.3 | RPM: 1554 | Torque: 38.0 | Wear: 52
[12:14:05] Step 17  | Risk: 0.0229 | Alert: HEALTHY  | Failure: None            | Air: 300.3 | ProcT: 310.4 | RPM: 1545 | Torque: 38.0 | Wear: 52
[12:14:06] Step 18  | Risk: 0.0234 | Alert: HEALTHY  | Failure: None            | Air: 300.4 | ProcT: 310.4 | RPM: 1553 | Torque: 38.0 | Wear: 52
[12:14:07] Step 19  | Risk: 0.0220 | Alert: HEALTHY  | Failure: None            | Air: 300.3 | ProcT: 310.3 | RPM: 1553 | Torque: 38.0 | Wear: 52
[12:14:09] Step 20  | Risk: 0.0206 | Alert: HEALTHY  | Failure: None            | Air: 300.3 | ProcT: 310.3 | RPM: 1551 | Torque: 38.0 | Wear: 52
[12:14:10] Step 21  | Risk: 0.0203 | Alert: HEALTHY  | Failure: None            | Air: 300.3 | ProcT: 310.4 | RPM: 1547 | Torque: 38.0 | Wear: 53
[12:14:11] Step 22  | Risk: 0.0217 | Alert: HEALTHY  | Failure: None            | Air: 300.4 | ProcT: 310.4 | RPM: 1549 | Torque: 38.0 | Wear: 53
[12:14:13] Step 23  | Risk: 0.0217 | Alert: HEALTHY  | Failure: None            | Air: 300.4 | ProcT: 310.3 | RPM: 1554 | Torque: 38.0 | Wear: 53
[12:14:14] Step 24  | Risk: 0.0207 | Alert: HEALTHY  | Failure: None            | Air: 300.3 | ProcT: 310.3 | RPM: 1549 | Torque: 38.0 | Wear: 53
[12:14:15] Step 25  | Risk: 0.0206 | Alert: HEALTHY  | Failure: None            | Air: 300.3 | ProcT: 310.3 | RPM: 1553 | Torque: 38.0 | Wear: 53
[12:14:17] Step 26  | Risk: 0.0203 | Alert: HEALTHY  | Failure: None            | Air: 300.3 | ProcT: 310.3 | RPM: 1551 | Torque: 38.0 | Wear: 53
[12:14:18] Step 27  | Risk: 0.0198 | Alert: HEALTHY  | Failure: None            | Air: 300.3 | ProcT: 310.3 | RPM: 1549 | Torque: 38.0 | Wear: 53
[12:14:20] Step 28  | Risk: 0.0211 | Alert: HEALTHY  | Failure: None            | Air: 300.3 | ProcT: 310.4 | RPM: 1550 | Torque: 38.0 | Wear: 54
[12:14:22] Step 29  | Risk: 0.0203 | Alert: HEALTHY  | Failure: None            | Air: 300.3 | ProcT: 310.3 | RPM: 1551 | Torque: 38.0 | Wear: 54
[12:14:23] Step 30  | Risk: 0.0236 | Alert: HEALTHY  | Failure: None            | Air: 300.4 | ProcT: 310.4 | RPM: 1553 | Torque: 38.0 | Wear: 54
[12:14:25] Step 31  | Risk: 0.0219 | Alert: HEALTHY  | Failure: None            | Air: 300.4 | ProcT: 310.3 | RPM: 1550 | Torque: 38.0 | Wear: 54
[12:14:26] Step 32  | Risk: 0.0237 | Alert: HEALTHY  | Failure: None            | Air: 300.4 | ProcT: 310.3 | RPM: 1548 | Torque: 38.0 | Wear: 54
[12:14:28] Step 33  | Risk: 0.0240 | Alert: HEALTHY  | Failure: None            | Air: 300.4 | ProcT: 310.4 | RPM: 1552 | Torque: 38.0 | Wear: 54
[12:14:29] Step 34  | Risk: 0.0245 | Alert: HEALTHY  | Failure: None            | Air: 300.4 | ProcT: 310.4 | RPM: 1549 | Torque: 38.0 | Wear: 54
[12:14:30] Step 35  | Risk: 0.0240 | Alert: HEALTHY  | Failure: None            | Air: 300.3 | ProcT: 310.4 | RPM: 1550 | Torque: 38.0 | Wear: 55
[12:14:32] Step 36  | Risk: 0.0216 | Alert: HEALTHY  | Failure: None            | Air: 300.4 | ProcT: 310.4 | RPM: 1550 | Torque: 38.0 | Wear: 55
[12:14:33] Step 37  | Risk: 0.0208 | Alert: HEALTHY  | Failure: None            | Air: 300.3 | ProcT: 310.4 | RPM: 1549 | Torque: 38.0 | Wear: 55
[12:14:34] Step 38  | Risk: 0.0208 | Alert: HEALTHY  | Failure: None            | Air: 300.4 | ProcT: 310.4 | RPM: 1549 | Torque: 38.0 | Wear: 55
[12:14:36] Step 39  | Risk: 0.0198 | Alert: HEALTHY  | Failure: None            | Air: 300.3 | ProcT: 310.4 | RPM: 1548 | Torque: 38.0 | Wear: 55
[12:14:37] Step 40  | Risk: 0.0206 | Alert: HEALTHY  | Failure: None            | Air: 300.4 | ProcT: 310.4 | RPM: 1551 | Torque: 38.0 | Wear: 55
[12:14:39] Step 41  | Risk: 0.0212 | Alert: HEALTHY  | Failure: None            | Air: 300.4 | ProcT: 310.4 | RPM: 1548 | Torque: 38.0 | Wear: 56
[12:14:40] Step 42  | Risk: 0.0215 | Alert: HEALTHY  | Failure: None            | Air: 300.4 | ProcT: 310.4 | RPM: 1545 | Torque: 38.0 | Wear: 56
[12:14:42] Step 43  | Risk: 0.0222 | Alert: HEALTHY  | Failure: None            | Air: 300.4 | ProcT: 310.4 | RPM: 1551 | Torque: 38.0 | Wear: 56
[12:14:43] Step 44  | Risk: 0.0215 | Alert: HEALTHY  | Failure: None            | Air: 300.4 | ProcT: 310.4 | RPM: 1545 | Torque: 38.0 | Wear: 56
[12:14:45] Step 45  | Risk: 0.0215 | Alert: HEALTHY  | Failure: None            | Air: 300.4 | ProcT: 310.4 | RPM: 1547 | Torque: 38.0 | Wear: 56
[12:14:47] Step 46  | Risk: 0.0209 | Alert: HEALTHY  | Failure: None            | Air: 300.4 | ProcT: 310.4 | RPM: 1552 | Torque: 38.0 | Wear: 56
[12:14:48] Step 47  | Risk: 0.0213 | Alert: HEALTHY  | Failure: None            | Air: 300.4 | ProcT: 310.4 | RPM: 1553 | Torque: 38.0 | Wear: 56
[12:14:49] Step 48  | Risk: 0.0214 | Alert: HEALTHY  | Failure: None            | Air: 300.4 | ProcT: 310.4 | RPM: 1546 | Torque: 38.0 | Wear: 57
[12:14:51] Step 49  | Risk: 0.0211 | Alert: HEALTHY  | Failure: None            | Air: 300.4 | ProcT: 310.4 | RPM: 1547 | Torque: 38.0 | Wear: 57
[12:14:53] Step 50  | Risk: 0.0211 | Alert: HEALTHY  | Failure: None            | Air: 300.4 | ProcT: 310.4 | RPM: 1552 | Torque: 38.0 | Wear: 57
[12:14:54] --- Session Reset ---
[12:14:55] Step 1   | Risk: 0.0229 | Alert: HEALTHY  | Failure: None            | Air: 300.5 | ProcT: 310.4 | RPM: 1547 | Torque: 38.0 | Wear: 57
[12:14:56] Step 2   | Risk: 0.0205 | Alert: HEALTHY  | Failure: None            | Air: 300.4 | ProcT: 310.4 | RPM: 1550 | Torque: 38.0 | Wear: 57
[12:14:56] Step 3   | Risk: 0.2982 | Alert: HEALTHY  | Failure: None            | Air: 301.5 | ProcT: 311.4 | RPM: 1489 | Torque: 41.6 | Wear: 50
[12:14:58] Step 4   | Risk: 0.2931 | Alert: HEALTHY  | Failure: None            | Air: 300.4 | ProcT: 310.4 | RPM: 1549 | Torque: 38.0 | Wear: 57
[12:14:58] Step 5   | Risk: 0.4459 | Alert: HEALTHY  | Failure: None            | Air: 301.4 | ProcT: 311.0 | RPM: 1548 | Torque: 41.1 | Wear: 52
[12:14:59] Step 6   | Risk: 0.1669 | Alert: HEALTHY  | Failure: None            | Air: 300.4 | ProcT: 310.4 | RPM: 1549 | Torque: 38.0 | Wear: 57
[12:14:59] Step 7   | Risk: 0.1858 | Alert: HEALTHY  | Failure: None            | Air: 301.9 | ProcT: 310.2 | RPM: 1472 | Torque: 41.0 | Wear: 54
[12:15:00] Step 8   | Risk: 0.0617 | Alert: HEALTHY  | Failure: None            | Air: 300.5 | ProcT: 310.4 | RPM: 1547 | Torque: 38.0 | Wear: 58
[12:15:01] Step 9   | Risk: 0.2176 | Alert: HEALTHY  | Failure: None            | Air: 301.1 | ProcT: 311.8 | RPM: 1461 | Torque: 40.0 | Wear: 56
[12:15:02] Step 10  | Risk: 0.1984 | Alert: HEALTHY  | Failure: None            | Air: 300.4 | ProcT: 310.4 | RPM: 1554 | Torque: 38.0 | Wear: 58
[12:15:03] Step 11  | Risk: 0.1678 | Alert: HEALTHY  | Failure: None            | Air: 300.1 | ProcT: 310.1 | RPM: 1508 | Torque: 39.3 | Wear: 58
[12:15:03] Step 12  | Risk: 0.0361 | Alert: HEALTHY  | Failure: None            | Air: 300.5 | ProcT: 310.5 | RPM: 1546 | Torque: 38.0 | Wear: 58
[12:15:04] Step 13  | Risk: 0.0475 | Alert: HEALTHY  | Failure: None            | Air: 300.6 | ProcT: 310.8 | RPM: 1471 | Torque: 41.2 | Wear: 60
[12:15:04] Step 14  | Risk: 0.0492 | Alert: HEALTHY  | Failure: None            | Air: 300.4 | ProcT: 310.4 | RPM: 1549 | Torque: 38.0 | Wear: 58
[12:15:06] Step 15  | Risk: 0.0355 | Alert: HEALTHY  | Failure: None            | Air: 300.4 | ProcT: 310.4 | RPM: 1546 | Torque: 38.0 | Wear: 58
[12:15:06] Step 16  | Risk: 0.0225 | Alert: HEALTHY  | Failure: None            | Air: 301.0 | ProcT: 308.4 | RPM: 1506 | Torque: 41.1 | Wear: 62
[12:15:07] Step 17  | Risk: 0.2325 | Alert: HEALTHY  | Failure: None            | Air: 300.4 | ProcT: 310.4 | RPM: 1551 | Torque: 38.0 | Wear: 58
[12:15:08] Step 18  | Risk: 0.2170 | Alert: HEALTHY  | Failure: None            | Air: 301.1 | ProcT: 308.1 | RPM: 1486 | Torque: 38.2 | Wear: 64
[12:15:08] Step 19  | Risk: 0.5148 | Alert: HEALTHY  | Failure: None            | Air: 300.4 | ProcT: 310.4 | RPM: 1545 | Torque: 38.0 | Wear: 59
[12:15:09] Step 20  | Risk: 0.5566 | Alert: HEALTHY  | Failure: None            | Air: 300.8 | ProcT: 311.4 | RPM: 1530 | Torque: 38.7 | Wear: 66
[12:15:10] Step 21  | Risk: 0.5622 | Alert: WARNING  | Failure: TWF             | Air: 300.5 | ProcT: 310.5 | RPM: 1549 | Torque: 38.0 | Wear: 59
[12:15:11] Step 22  | Risk: 0.2847 | Alert: HEALTHY  | Failure: None            | Air: 298.6 | ProcT: 310.8 | RPM: 1484 | Torque: 39.8 | Wear: 68
[12:15:11] Step 23  | Risk: 0.0371 | Alert: HEALTHY  | Failure: None            | Air: 300.5 | ProcT: 310.5 | RPM: 1547 | Torque: 38.0 | Wear: 59
[12:15:12] Step 24  | Risk: 0.0529 | Alert: HEALTHY  | Failure: None            | Air: 299.8 | ProcT: 311.1 | RPM: 1476 | Torque: 41.5 | Wear: 76
[12:15:13] Step 25  | Risk: 0.0366 | Alert: HEALTHY  | Failure: None            | Air: 300.5 | ProcT: 310.5 | RPM: 1546 | Torque: 38.0 | Wear: 59
[12:15:14] Step 26  | Risk: 0.3599 | Alert: HEALTHY  | Failure: None            | Air: 303.2 | ProcT: 313.1 | RPM: 1409 | Torque: 46.2 | Wear: 84
[12:15:15] Step 27  | Risk: 0.6715 | Alert: WARNING  | Failure: TWF             | Air: 304.3 | ProcT: 315.9 | RPM: 1339 | Torque: 49.3 | Wear: 91
[12:15:15] Step 28  | Risk: 0.6666 | Alert: WARNING  | Failure: TWF             | Air: 300.4 | ProcT: 310.4 | RPM: 1548 | Torque: 38.0 | Wear: 59
[12:15:16] Step 29  | Risk: 0.6667 | Alert: WARNING  | Failure: HDF             | Air: 306.7 | ProcT: 317.2 | RPM: 1274 | Torque: 51.3 | Wear: 98
[12:15:17] Step 30  | Risk: 0.3333 | Alert: HEALTHY  | Failure: None            | Air: 300.5 | ProcT: 310.5 | RPM: 1547 | Torque: 38.0 | Wear: 59
[12:15:18] Step 31  | Risk: 0.6667 | Alert: WARNING  | Failure: HDF             | Air: 306.8 | ProcT: 318.4 | RPM: 1193 | Torque: 54.8 | Wear: 104
[12:15:19] Step 32  | Risk: 0.3333 | Alert: HEALTHY  | Failure: None            | Air: 300.5 | ProcT: 310.5 | RPM: 1549 | Torque: 38.0 | Wear: 59
[12:15:19] Step 33  | Risk: 0.6667 | Alert: WARNING  | Failure: HDF             | Air: 308.5 | ProcT: 318.2 | RPM: 1142 | Torque: 58.3 | Wear: 110
[12:15:21] Step 34  | Risk: 0.6667 | Alert: WARNING  | Failure: TWF             | Air: 310.0 | ProcT: 320.0 | RPM: 1067 | Torque: 61.4 | Wear: 116
[12:15:21] Step 35  | Risk: 0.6667 | Alert: WARNING  | Failure: TWF             | Air: 300.4 | ProcT: 310.5 | RPM: 1550 | Torque: 38.0 | Wear: 60
[12:15:22] Step 36  | Risk: 0.6667 | Alert: WARNING  | Failure: HDF             | Air: 312.4 | ProcT: 322.1 | RPM: 1028 | Torque: 64.0 | Wear: 121
[12:15:22] Step 37  | Risk: 0.3333 | Alert: HEALTHY  | Failure: None            | Air: 300.5 | ProcT: 310.4 | RPM: 1552 | Torque: 38.0 | Wear: 60
[12:15:23] Step 38  | Risk: 0.6667 | Alert: WARNING  | Failure: HDF             | Air: 313.4 | ProcT: 323.4 | RPM: 963 | Torque: 67.1 | Wear: 126
[12:15:23] Step 39  | Risk: 0.3333 | Alert: HEALTHY  | Failure: None            | Air: 300.5 | ProcT: 310.4 | RPM: 1547 | Torque: 38.0 | Wear: 60
[12:15:25] Step 40  | Risk: 0.3336 | Alert: HEALTHY  | Failure: None            | Air: 300.5 | ProcT: 310.4 | RPM: 1546 | Torque: 38.0 | Wear: 60
[12:15:26] Step 41  | Risk: 0.3336 | Alert: HEALTHY  | Failure: None            | Air: 315.0 | ProcT: 325.0 | RPM: 900 | Torque: 70.0 | Wear: 130
[12:15:27] Step 42  | Risk: 0.3336 | Alert: HEALTHY  | Failure: None            | Air: 300.5 | ProcT: 310.4 | RPM: 1548 | Torque: 38.0 | Wear: 60
[12:33:07] --- Session Reset ---
[12:33:08] Step 1   | Risk: 0.0189 | Alert: HEALTHY  | Failure: None            | Air: 300.3 | ProcT: 310.3 | RPM: 1552 | Torque: 38.0 | Wear: 50
[12:33:10] Step 2   | Risk: 0.0189 | Alert: HEALTHY  | Failure: None            | Air: 300.3 | ProcT: 310.3 | RPM: 1547 | Torque: 38.0 | Wear: 50
[12:33:11] Step 3   | Risk: 0.0189 | Alert: HEALTHY  | Failure: None            | Air: 300.3 | ProcT: 310.3 | RPM: 1547 | Torque: 38.0 | Wear: 50
[12:33:13] Step 4   | Risk: 0.0196 | Alert: HEALTHY  | Failure: None            | Air: 300.3 | ProcT: 310.3 | RPM: 1552 | Torque: 38.0 | Wear: 50
[12:33:14] Step 5   | Risk: 0.0194 | Alert: HEALTHY  | Failure: None            | Air: 300.3 | ProcT: 310.3 | RPM: 1549 | Torque: 38.0 | Wear: 50
[12:33:16] Step 6   | Risk: 0.0287 | Alert: HEALTHY  | Failure: None            | Air: 300.4 | ProcT: 310.4 | RPM: 1554 | Torque: 38.0 | Wear: 50
[12:33:17] Step 7   | Risk: 0.0229 | Alert: HEALTHY  | Failure: None            | Air: 300.3 | ProcT: 310.3 | RPM: 1552 | Torque: 38.0 | Wear: 50
[12:33:18] Step 8   | Risk: 0.0251 | Alert: HEALTHY  | Failure: None            | Air: 300.3 | ProcT: 310.4 | RPM: 1553 | Torque: 38.0 | Wear: 51
[12:33:20] Step 9   | Risk: 0.0208 | Alert: HEALTHY  | Failure: None            | Air: 300.3 | ProcT: 310.3 | RPM: 1548 | Torque: 38.0 | Wear: 51
[12:33:21] Step 10  | Risk: 0.0204 | Alert: HEALTHY  | Failure: None            | Air: 300.4 | ProcT: 310.3 | RPM: 1552 | Torque: 38.0 | Wear: 51
[12:33:23] Step 11  | Risk: 0.0200 | Alert: HEALTHY  | Failure: None            | Air: 300.3 | ProcT: 310.3 | RPM: 1545 | Torque: 38.0 | Wear: 51
[12:33:24] --- Session Reset ---
[12:33:25] Step 1   | Risk: 0.0193 | Alert: HEALTHY  | Failure: None            | Air: 300.3 | ProcT: 310.3 | RPM: 1554 | Torque: 38.0 | Wear: 51
[12:33:26] Step 2   | Risk: 0.0101 | Alert: HEALTHY  | Failure: None            | Air: 300.0 | ProcT: 309.4 | RPM: 1527 | Torque: 39.8 | Wear: 50
[12:33:26] Step 3   | Risk: 0.1550 | Alert: HEALTHY  | Failure: None            | Air: 300.3 | ProcT: 310.3 | RPM: 1553 | Torque: 38.0 | Wear: 51
[12:33:28] Step 4   | Risk: 0.0868 | Alert: HEALTHY  | Failure: None            | Air: 299.4 | ProcT: 310.5 | RPM: 1496 | Torque: 39.4 | Wear: 52
[12:33:28] Step 5   | Risk: 0.0272 | Alert: HEALTHY  | Failure: None            | Air: 300.3 | ProcT: 310.3 | RPM: 1554 | Torque: 38.0 | Wear: 51
[12:33:29] Step 6   | Risk: 0.0296 | Alert: HEALTHY  | Failure: None            | Air: 300.2 | ProcT: 310.1 | RPM: 1489 | Torque: 38.3 | Wear: 54
[12:33:30] Step 7   | Risk: 0.0563 | Alert: HEALTHY  | Failure: None            | Air: 300.4 | ProcT: 310.3 | RPM: 1550 | Torque: 38.0 | Wear: 52
[12:33:31] Step 8   | Risk: 0.0288 | Alert: HEALTHY  | Failure: None            | Air: 298.2 | ProcT: 308.9 | RPM: 1516 | Torque: 41.7 | Wear: 56
[12:33:32] Step 9   | Risk: 0.4886 | Alert: HEALTHY  | Failure: None            | Air: 300.3 | ProcT: 310.3 | RPM: 1554 | Torque: 38.0 | Wear: 52
[12:33:33] Step 10  | Risk: 0.2553 | Alert: HEALTHY  | Failure: None            | Air: 299.6 | ProcT: 310.1 | RPM: 1454 | Torque: 39.6 | Wear: 58
[12:33:34] Step 11  | Risk: 0.1098 | Alert: HEALTHY  | Failure: None            | Air: 300.3 | ProcT: 310.4 | RPM: 1545 | Torque: 38.0 | Wear: 52
[12:33:35] Step 12  | Risk: 0.9916 | Alert: CRITICAL | Failure: TWF             | Air: 302.0 | ProcT: 311.4 | RPM: 1548 | Torque: 40.8 | Wear: 60
[12:33:35] Step 13  | Risk: 0.5028 | Alert: CRITICAL | Failure: TWF             | Air: 300.4 | ProcT: 310.4 | RPM: 1553 | Torque: 38.0 | Wear: 52
[12:33:36] Step 14  | Risk: 0.0132 | Alert: HEALTHY  | Failure: None            | Air: 298.8 | ProcT: 309.9 | RPM: 1516 | Torque: 38.9 | Wear: 62
[12:33:37] Step 15  | Risk: 0.1149 | Alert: HEALTHY  | Failure: None            | Air: 300.3 | ProcT: 310.3 | RPM: 1553 | Torque: 38.0 | Wear: 52
[12:33:38] Step 16  | Risk: 0.0640 | Alert: HEALTHY  | Failure: None            | Air: 302.0 | ProcT: 308.7 | RPM: 1498 | Torque: 41.7 | Wear: 78
[12:33:38] Step 17  | Risk: 0.6606 | Alert: CRITICAL | Failure: PWF             | Air: 300.3 | ProcT: 310.3 | RPM: 1551 | Torque: 38.0 | Wear: 52
[12:33:39] Step 18  | Risk: 0.7363 | Alert: CRITICAL | Failure: TWF             | Air: 301.5 | ProcT: 309.9 | RPM: 1509 | Torque: 41.4 | Wear: 93
[12:33:40] Step 19  | Risk: 0.4871 | Alert: WARNING  | Failure: PWF             | Air: 300.3 | ProcT: 310.4 | RPM: 1547 | Torque: 38.0 | Wear: 53
[12:33:41] Step 20  | Risk: 0.2532 | Alert: HEALTHY  | Failure: None            | Air: 299.7 | ProcT: 310.5 | RPM: 1518 | Torque: 42.5 | Wear: 108
[12:33:42] Step 21  | Risk: 0.1474 | Alert: HEALTHY  | Failure: None            | Air: 300.4 | ProcT: 310.4 | RPM: 1549 | Torque: 38.0 | Wear: 53
[12:33:43] Step 22  | Risk: 0.8695 | Alert: CRITICAL | Failure: TWF             | Air: 301.5 | ProcT: 311.2 | RPM: 1485 | Torque: 44.9 | Wear: 122
[12:33:43] Step 23  | Risk: 0.4388 | Alert: WARNING  | Failure: PWF             | Air: 300.4 | ProcT: 310.3 | RPM: 1554 | Torque: 38.0 | Wear: 53
[12:33:44] Step 24  | Risk: 0.0694 | Alert: HEALTHY  | Failure: None            | Air: 300.3 | ProcT: 310.3 | RPM: 1549 | Torque: 38.0 | Wear: 53
[12:33:44] Step 25  | Risk: 0.3634 | Alert: HEALTHY  | Failure: None            | Air: 300.2 | ProcT: 310.5 | RPM: 1475 | Torque: 44.9 | Wear: 137
[12:33:46] Step 26  | Risk: 0.6905 | Alert: CRITICAL | Failure: TWF             | Air: 299.9 | ProcT: 311.6 | RPM: 1516 | Torque: 47.0 | Wear: 151
[12:33:46] Step 27  | Risk: 0.3462 | Alert: WARNING  | Failure: PWF             | Air: 300.3 | ProcT: 310.3 | RPM: 1553 | Torque: 38.0 | Wear: 53
[12:33:47] Step 28  | Risk: 0.9915 | Alert: CRITICAL | Failure: TWF             | Air: 301.5 | ProcT: 311.7 | RPM: 1509 | Torque: 48.9 | Wear: 164
[12:33:47] Step 29  | Risk: 0.4969 | Alert: WARNING  | Failure: PWF             | Air: 300.3 | ProcT: 310.3 | RPM: 1551 | Torque: 38.0 | Wear: 53
[12:33:48] Step 30  | Risk: 0.0293 | Alert: HEALTHY  | Failure: None            | Air: 300.3 | ProcT: 310.3 | RPM: 1549 | Torque: 38.0 | Wear: 53
[12:33:49] Step 31  | Risk: 0.9843 | Alert: CRITICAL | Failure: TWF             | Air: 301.6 | ProcT: 311.2 | RPM: 1492 | Torque: 48.5 | Wear: 178
[12:33:50] Step 32  | Risk: 0.4935 | Alert: WARNING  | Failure: PWF             | Air: 300.3 | ProcT: 310.4 | RPM: 1550 | Torque: 38.0 | Wear: 54
[12:33:51] Step 33  | Risk: 0.9933 | Alert: CRITICAL | Failure: TWF             | Air: 301.1 | ProcT: 311.6 | RPM: 1505 | Torque: 50.6 | Wear: 191
[12:33:51] Step 34  | Risk: 0.4980 | Alert: WARNING  | Failure: PWF             | Air: 300.3 | ProcT: 310.3 | RPM: 1551 | Torque: 38.0 | Wear: 54
[12:33:52] Step 35  | Risk: 0.9812 | Alert: CRITICAL | Failure: TWF             | Air: 301.6 | ProcT: 311.1 | RPM: 1498 | Torque: 51.8 | Wear: 204
[12:33:53] Step 36  | Risk: 0.4947 | Alert: WARNING  | Failure: PWF             | Air: 300.4 | ProcT: 310.4 | RPM: 1553 | Torque: 38.0 | Wear: 54
[12:33:53] Step 37  | Risk: 0.9934 | Alert: CRITICAL | Failure: TWF             | Air: 301.5 | ProcT: 311.5 | RPM: 1494 | Torque: 52.9 | Wear: 216
[12:33:54] Step 38  | Risk: 0.4986 | Alert: WARNING  | Failure: PWF             | Air: 300.4 | ProcT: 310.3 | RPM: 1550 | Torque: 38.0 | Wear: 54
[12:33:55] Step 39  | Risk: 0.9990 | Alert: CRITICAL | Failure: TWF             | Air: 301.8 | ProcT: 311.9 | RPM: 1500 | Torque: 54.0 | Wear: 228
[12:33:56] Step 40  | Risk: 0.5003 | Alert: CRITICAL | Failure: PWF             | Air: 300.4 | ProcT: 310.3 | RPM: 1548 | Torque: 38.0 | Wear: 54
[12:33:56] Step 41  | Risk: 0.9995 | Alert: CRITICAL | Failure: TWF             | Air: 302.0 | ProcT: 312.0 | RPM: 1500 | Torque: 55.0 | Wear: 240
[12:33:58] Step 42  | Risk: 0.5007 | Alert: CRITICAL | Failure: PWF             | Air: 300.4 | ProcT: 310.4 | RPM: 1552 | Torque: 38.0 | Wear: 54
[12:37:43] --- Session Reset ---
[12:37:44] Step 1   | Risk: 0.0189 | Alert: HEALTHY  | Failure: None            | Air: 300.3 | ProcT: 310.3 | RPM: 1552 | Torque: 38.0 | Wear: 50
[12:37:46] Step 2   | Risk: 0.0189 | Alert: HEALTHY  | Failure: None            | Air: 300.3 | ProcT: 310.3 | RPM: 1547 | Torque: 38.0 | Wear: 50
[12:37:48] Step 3   | Risk: 0.0189 | Alert: HEALTHY  | Failure: None            | Air: 300.3 | ProcT: 310.3 | RPM: 1547 | Torque: 38.0 | Wear: 50
[12:37:49] Step 4   | Risk: 0.0196 | Alert: HEALTHY  | Failure: None            | Air: 300.3 | ProcT: 310.3 | RPM: 1552 | Torque: 38.0 | Wear: 50
[12:37:51] Step 5   | Risk: 0.0194 | Alert: HEALTHY  | Failure: None            | Air: 300.3 | ProcT: 310.3 | RPM: 1549 | Torque: 38.0 | Wear: 50
[12:37:53] Step 6   | Risk: 0.0287 | Alert: HEALTHY  | Failure: None            | Air: 300.4 | ProcT: 310.4 | RPM: 1554 | Torque: 38.0 | Wear: 50
[12:37:54] Step 7   | Risk: 0.0229 | Alert: HEALTHY  | Failure: None            | Air: 300.3 | ProcT: 310.3 | RPM: 1552 | Torque: 38.0 | Wear: 50
[12:37:55] Step 8   | Risk: 0.0251 | Alert: HEALTHY  | Failure: None            | Air: 300.3 | ProcT: 310.4 | RPM: 1553 | Torque: 38.0 | Wear: 51
[12:37:57] Step 9   | Risk: 0.0208 | Alert: HEALTHY  | Failure: None            | Air: 300.3 | ProcT: 310.3 | RPM: 1548 | Torque: 38.0 | Wear: 51
[12:37:58] Step 10  | Risk: 0.0204 | Alert: HEALTHY  | Failure: None            | Air: 300.4 | ProcT: 310.3 | RPM: 1552 | Torque: 38.0 | Wear: 51
[12:38:00] Step 11  | Risk: 0.0200 | Alert: HEALTHY  | Failure: None            | Air: 300.3 | ProcT: 310.3 | RPM: 1545 | Torque: 38.0 | Wear: 51
[12:38:02] Step 12  | Risk: 0.0203 | Alert: HEALTHY  | Failure: None            | Air: 300.3 | ProcT: 310.3 | RPM: 1554 | Torque: 38.0 | Wear: 51
[12:38:03] Step 13  | Risk: 0.0212 | Alert: HEALTHY  | Failure: None            | Air: 300.3 | ProcT: 310.3 | RPM: 1553 | Torque: 38.0 | Wear: 51
[12:38:04] Step 14  | Risk: 0.0205 | Alert: HEALTHY  | Failure: None            | Air: 300.3 | ProcT: 310.3 | RPM: 1554 | Torque: 38.0 | Wear: 51
[12:38:06] Step 15  | Risk: 0.0231 | Alert: HEALTHY  | Failure: None            | Air: 300.4 | ProcT: 310.3 | RPM: 1550 | Torque: 38.0 | Wear: 52
[12:38:07] Step 16  | Risk: 0.0220 | Alert: HEALTHY  | Failure: None            | Air: 300.3 | ProcT: 310.3 | RPM: 1554 | Torque: 38.0 | Wear: 52
[12:38:09] Step 17  | Risk: 0.0245 | Alert: HEALTHY  | Failure: None            | Air: 300.3 | ProcT: 310.4 | RPM: 1545 | Torque: 38.0 | Wear: 52
[12:38:10] Step 18  | Risk: 0.0246 | Alert: HEALTHY  | Failure: None            | Air: 300.4 | ProcT: 310.4 | RPM: 1553 | Torque: 38.0 | Wear: 52
[12:38:12] Step 19  | Risk: 0.0207 | Alert: HEALTHY  | Failure: None            | Air: 300.3 | ProcT: 310.3 | RPM: 1553 | Torque: 38.0 | Wear: 52
[12:38:13] Step 20  | Risk: 0.0205 | Alert: HEALTHY  | Failure: None            | Air: 300.3 | ProcT: 310.3 | RPM: 1551 | Torque: 38.0 | Wear: 52
[12:38:15] Step 21  | Risk: 0.0237 | Alert: HEALTHY  | Failure: None            | Air: 300.3 | ProcT: 310.4 | RPM: 1547 | Torque: 38.0 | Wear: 53
[12:38:17] Step 22  | Risk: 0.0224 | Alert: HEALTHY  | Failure: None            | Air: 300.4 | ProcT: 310.4 | RPM: 1549 | Torque: 38.0 | Wear: 53
[12:38:18] Step 23  | Risk: 0.0207 | Alert: HEALTHY  | Failure: None            | Air: 300.4 | ProcT: 310.3 | RPM: 1554 | Torque: 38.0 | Wear: 53
[12:38:20] Step 24  | Risk: 0.0209 | Alert: HEALTHY  | Failure: None            | Air: 300.3 | ProcT: 310.3 | RPM: 1549 | Torque: 38.0 | Wear: 53
[12:38:22] Step 25  | Risk: 0.0208 | Alert: HEALTHY  | Failure: None            | Air: 300.3 | ProcT: 310.3 | RPM: 1553 | Torque: 38.0 | Wear: 53
[12:38:24] Step 26  | Risk: 0.0200 | Alert: HEALTHY  | Failure: None            | Air: 300.3 | ProcT: 310.3 | RPM: 1551 | Torque: 38.0 | Wear: 53
[12:38:26] Step 27  | Risk: 0.0194 | Alert: HEALTHY  | Failure: None            | Air: 300.3 | ProcT: 310.3 | RPM: 1549 | Torque: 38.0 | Wear: 53
[12:38:27] Step 28  | Risk: 0.0248 | Alert: HEALTHY  | Failure: None            | Air: 300.3 | ProcT: 310.4 | RPM: 1550 | Torque: 38.0 | Wear: 54
[12:38:28] Step 29  | Risk: 0.0208 | Alert: HEALTHY  | Failure: None            | Air: 300.3 | ProcT: 310.3 | RPM: 1551 | Torque: 38.0 | Wear: 54
[12:38:30] Step 30  | Risk: 0.0291 | Alert: HEALTHY  | Failure: None            | Air: 300.4 | ProcT: 310.4 | RPM: 1553 | Torque: 38.0 | Wear: 54
[12:38:31] Step 31  | Risk: 0.0244 | Alert: HEALTHY  | Failure: None            | Air: 300.4 | ProcT: 310.3 | RPM: 1550 | Torque: 38.0 | Wear: 54
[12:38:32] Step 32  | Risk: 0.0224 | Alert: HEALTHY  | Failure: None            | Air: 300.4 | ProcT: 310.3 | RPM: 1548 | Torque: 38.0 | Wear: 54
[12:38:34] Step 33  | Risk: 0.0300 | Alert: HEALTHY  | Failure: None            | Air: 300.4 | ProcT: 310.4 | RPM: 1552 | Torque: 38.0 | Wear: 54
[12:38:36] Step 34  | Risk: 0.0255 | Alert: HEALTHY  | Failure: None            | Air: 300.4 | ProcT: 310.4 | RPM: 1549 | Torque: 38.0 | Wear: 54
[12:38:37] Step 35  | Risk: 0.0210 | Alert: HEALTHY  | Failure: None            | Air: 300.3 | ProcT: 310.4 | RPM: 1550 | Torque: 38.0 | Wear: 55
[12:38:38] Step 36  | Risk: 0.0227 | Alert: HEALTHY  | Failure: None            | Air: 300.4 | ProcT: 310.4 | RPM: 1550 | Torque: 38.0 | Wear: 55
[12:38:40] Step 37  | Risk: 0.0207 | Alert: HEALTHY  | Failure: None            | Air: 300.3 | ProcT: 310.4 | RPM: 1549 | Torque: 38.0 | Wear: 55
[12:38:42] Step 38  | Risk: 0.0208 | Alert: HEALTHY  | Failure: None            | Air: 300.4 | ProcT: 310.4 | RPM: 1549 | Torque: 38.0 | Wear: 55
[12:38:43] Step 39  | Risk: 0.0203 | Alert: HEALTHY  | Failure: None            | Air: 300.3 | ProcT: 310.4 | RPM: 1548 | Torque: 38.0 | Wear: 55
[12:38:45] Step 40  | Risk: 0.0213 | Alert: HEALTHY  | Failure: None            | Air: 300.4 | ProcT: 310.4 | RPM: 1551 | Torque: 38.0 | Wear: 55
[12:38:46] Step 41  | Risk: 0.0226 | Alert: HEALTHY  | Failure: None            | Air: 300.4 | ProcT: 310.4 | RPM: 1548 | Torque: 38.0 | Wear: 56
[12:38:48] Step 42  | Risk: 0.0217 | Alert: HEALTHY  | Failure: None            | Air: 300.4 | ProcT: 310.4 | RPM: 1545 | Torque: 38.0 | Wear: 56
[12:38:49] Step 43  | Risk: 0.0234 | Alert: HEALTHY  | Failure: None            | Air: 300.4 | ProcT: 310.4 | RPM: 1551 | Torque: 38.0 | Wear: 56
[12:38:51] Step 44  | Risk: 0.0218 | Alert: HEALTHY  | Failure: None            | Air: 300.4 | ProcT: 310.4 | RPM: 1545 | Torque: 38.0 | Wear: 56
[12:38:52] Step 45  | Risk: 0.0207 | Alert: HEALTHY  | Failure: None            | Air: 300.4 | ProcT: 310.4 | RPM: 1547 | Torque: 38.0 | Wear: 56
[12:38:54] Step 46  | Risk: 0.0216 | Alert: HEALTHY  | Failure: None            | Air: 300.4 | ProcT: 310.4 | RPM: 1552 | Torque: 38.0 | Wear: 56
[12:38:56] Step 47  | Risk: 0.0216 | Alert: HEALTHY  | Failure: None            | Air: 300.4 | ProcT: 310.4 | RPM: 1553 | Torque: 38.0 | Wear: 56
[12:38:57] Step 48  | Risk: 0.0212 | Alert: HEALTHY  | Failure: None            | Air: 300.4 | ProcT: 310.4 | RPM: 1546 | Torque: 38.0 | Wear: 57
[12:38:59] Step 49  | Risk: 0.0208 | Alert: HEALTHY  | Failure: None            | Air: 300.4 | ProcT: 310.4 | RPM: 1547 | Torque: 38.0 | Wear: 57
[12:39:00] Step 50  | Risk: 0.0216 | Alert: HEALTHY  | Failure: None            | Air: 300.4 | ProcT: 310.4 | RPM: 1552 | Torque: 38.0 | Wear: 57
[12:39:02] Step 51  | Risk: 0.0244 | Alert: HEALTHY  | Failure: None            | Air: 300.5 | ProcT: 310.4 | RPM: 1547 | Torque: 38.0 | Wear: 57
[12:39:04] Step 52  | Risk: 0.0235 | Alert: HEALTHY  | Failure: None            | Air: 300.4 | ProcT: 310.4 | RPM: 1550 | Torque: 38.0 | Wear: 57
[12:39:05] Step 53  | Risk: 0.0224 | Alert: HEALTHY  | Failure: None            | Air: 300.4 | ProcT: 310.4 | RPM: 1549 | Torque: 38.0 | Wear: 57
[12:39:06] Step 54  | Risk: 0.0222 | Alert: HEALTHY  | Failure: None            | Air: 300.4 | ProcT: 310.4 | RPM: 1549 | Torque: 38.0 | Wear: 57
[12:39:08] Step 55  | Risk: 0.0235 | Alert: HEALTHY  | Failure: None            | Air: 300.5 | ProcT: 310.4 | RPM: 1547 | Torque: 38.0 | Wear: 58
[12:39:10] Step 56  | Risk: 0.0235 | Alert: HEALTHY  | Failure: None            | Air: 300.4 | ProcT: 310.4 | RPM: 1554 | Torque: 38.0 | Wear: 58
[12:39:11] Step 57  | Risk: 0.0308 | Alert: HEALTHY  | Failure: None            | Air: 300.5 | ProcT: 310.5 | RPM: 1546 | Torque: 38.0 | Wear: 58
[12:39:13] Step 58  | Risk: 0.0251 | Alert: HEALTHY  | Failure: None            | Air: 300.4 | ProcT: 310.4 | RPM: 1549 | Torque: 38.0 | Wear: 58
[12:39:14] Step 59  | Risk: 0.0211 | Alert: HEALTHY  | Failure: None            | Air: 300.4 | ProcT: 310.4 | RPM: 1546 | Torque: 38.0 | Wear: 58
[12:39:15] Step 60  | Risk: 0.0229 | Alert: HEALTHY  | Failure: None            | Air: 300.4 | ProcT: 310.4 | RPM: 1551 | Torque: 38.0 | Wear: 58
[12:39:17] Step 61  | Risk: 0.0215 | Alert: HEALTHY  | Failure: None            | Air: 300.4 | ProcT: 310.4 | RPM: 1545 | Torque: 38.0 | Wear: 59
[12:39:19] Step 62  | Risk: 0.0314 | Alert: HEALTHY  | Failure: None            | Air: 300.5 | ProcT: 310.5 | RPM: 1549 | Torque: 38.0 | Wear: 59
[12:39:20] Step 63  | Risk: 0.0288 | Alert: HEALTHY  | Failure: None            | Air: 300.5 | ProcT: 310.5 | RPM: 1547 | Torque: 38.0 | Wear: 59
[12:39:22] Step 64  | Risk: 0.0260 | Alert: HEALTHY  | Failure: None            | Air: 300.5 | ProcT: 310.5 | RPM: 1546 | Torque: 38.0 | Wear: 59
[12:39:23] Step 65  | Risk: 0.0225 | Alert: HEALTHY  | Failure: None            | Air: 300.4 | ProcT: 310.4 | RPM: 1548 | Torque: 38.0 | Wear: 59
[12:39:25] Step 66  | Risk: 0.0271 | Alert: HEALTHY  | Failure: None            | Air: 300.5 | ProcT: 310.5 | RPM: 1547 | Torque: 38.0 | Wear: 59
[12:39:27] Step 67  | Risk: 0.0251 | Alert: HEALTHY  | Failure: None            | Air: 300.5 | ProcT: 310.5 | RPM: 1549 | Torque: 38.0 | Wear: 59
[12:39:28] Step 68  | Risk: 0.0223 | Alert: HEALTHY  | Failure: None            | Air: 300.4 | ProcT: 310.5 | RPM: 1550 | Torque: 38.0 | Wear: 60
[12:39:30] Step 69  | Risk: 0.0219 | Alert: HEALTHY  | Failure: None            | Air: 300.5 | ProcT: 310.4 | RPM: 1552 | Torque: 38.0 | Wear: 60
[12:39:32] Step 70  | Risk: 0.0225 | Alert: HEALTHY  | Failure: None            | Air: 300.5 | ProcT: 310.4 | RPM: 1547 | Torque: 38.0 | Wear: 60
[12:39:33] Step 71  | Risk: 0.0228 | Alert: HEALTHY  | Failure: None            | Air: 300.5 | ProcT: 310.4 | RPM: 1546 | Torque: 38.0 | Wear: 60
[12:39:34] Step 72  | Risk: 0.0252 | Alert: HEALTHY  | Failure: None            | Air: 300.5 | ProcT: 310.4 | RPM: 1548 | Torque: 38.0 | Wear: 60
[12:39:36] Step 73  | Risk: 0.0291 | Alert: HEALTHY  | Failure: None            | Air: 300.4 | ProcT: 310.5 | RPM: 1554 | Torque: 38.0 | Wear: 60
[12:39:38] Step 74  | Risk: 0.0273 | Alert: HEALTHY  | Failure: None            | Air: 300.5 | ProcT: 310.5 | RPM: 1548 | Torque: 38.0 | Wear: 60
[12:39:40] Step 75  | Risk: 0.0252 | Alert: HEALTHY  | Failure: None            | Air: 300.5 | ProcT: 310.5 | RPM: 1546 | Torque: 38.0 | Wear: 61
[12:39:42] Step 76  | Risk: 0.0241 | Alert: HEALTHY  | Failure: None            | Air: 300.4 | ProcT: 310.5 | RPM: 1554 | Torque: 38.0 | Wear: 61
[12:39:43] Step 77  | Risk: 0.0220 | Alert: HEALTHY  | Failure: None            | Air: 300.5 | ProcT: 310.4 | RPM: 1552 | Torque: 38.0 | Wear: 61
[12:39:45] Step 78  | Risk: 0.0274 | Alert: HEALTHY  | Failure: None            | Air: 300.5 | ProcT: 310.5 | RPM: 1545 | Torque: 38.0 | Wear: 61
[12:39:46] Step 79  | Risk: 0.0255 | Alert: HEALTHY  | Failure: None            | Air: 300.5 | ProcT: 310.5 | RPM: 1547 | Torque: 38.0 | Wear: 61
[12:39:48] Step 80  | Risk: 0.0253 | Alert: HEALTHY  | Failure: None            | Air: 300.5 | ProcT: 310.5 | RPM: 1548 | Torque: 38.0 | Wear: 61
[12:39:49] Step 81  | Risk: 0.0239 | Alert: HEALTHY  | Failure: None            | Air: 300.4 | ProcT: 310.5 | RPM: 1547 | Torque: 38.0 | Wear: 62
[12:39:51] Step 82  | Risk: 0.0199 | Alert: HEALTHY  | Failure: None            | Air: 300.4 | ProcT: 310.4 | RPM: 1547 | Torque: 38.0 | Wear: 62
[12:39:52] Step 83  | Risk: 0.0250 | Alert: HEALTHY  | Failure: None            | Air: 300.4 | ProcT: 310.5 | RPM: 1547 | Torque: 38.0 | Wear: 62
[12:39:54] Step 84  | Risk: 0.0240 | Alert: HEALTHY  | Failure: None            | Air: 300.5 | ProcT: 310.5 | RPM: 1545 | Torque: 38.0 | Wear: 62
[12:39:55] Step 85  | Risk: 0.0258 | Alert: HEALTHY  | Failure: None            | Air: 300.5 | ProcT: 310.5 | RPM: 1550 | Torque: 38.0 | Wear: 62
[12:39:57] Step 86  | Risk: 0.0264 | Alert: HEALTHY  | Failure: None            | Air: 300.5 | ProcT: 310.5 | RPM: 1546 | Torque: 38.0 | Wear: 62
[12:39:58] Step 87  | Risk: 0.0264 | Alert: HEALTHY  | Failure: None            | Air: 300.5 | ProcT: 310.5 | RPM: 1554 | Torque: 38.0 | Wear: 62
[12:39:59] Step 88  | Risk: 0.0249 | Alert: HEALTHY  | Failure: None            | Air: 300.5 | ProcT: 310.5 | RPM: 1550 | Torque: 38.0 | Wear: 63
[12:40:00] Step 89  | Risk: 0.0230 | Alert: HEALTHY  | Failure: None            | Air: 300.5 | ProcT: 310.5 | RPM: 1548 | Torque: 38.0 | Wear: 63
[12:40:02] Step 90  | Risk: 0.0228 | Alert: HEALTHY  | Failure: None            | Air: 300.5 | ProcT: 310.5 | RPM: 1548 | Torque: 38.0 | Wear: 63
[12:40:03] Step 91  | Risk: 0.0226 | Alert: HEALTHY  | Failure: None            | Air: 300.5 | ProcT: 310.5 | RPM: 1547 | Torque: 38.0 | Wear: 63
[12:40:05] Step 92  | Risk: 0.0231 | Alert: HEALTHY  | Failure: None            | Air: 300.5 | ProcT: 310.5 | RPM: 1550 | Torque: 38.0 | Wear: 63
[12:40:06] Step 93  | Risk: 0.0237 | Alert: HEALTHY  | Failure: None            | Air: 300.5 | ProcT: 310.5 | RPM: 1553 | Torque: 38.0 | Wear: 63
[12:40:07] Step 94  | Risk: 0.0232 | Alert: HEALTHY  | Failure: None            | Air: 300.5 | ProcT: 310.5 | RPM: 1548 | Torque: 38.0 | Wear: 63
[12:40:09] Step 95  | Risk: 0.0231 | Alert: HEALTHY  | Failure: None            | Air: 300.5 | ProcT: 310.5 | RPM: 1548 | Torque: 38.0 | Wear: 64
[12:40:10] Step 96  | Risk: 0.0228 | Alert: HEALTHY  | Failure: None            | Air: 300.5 | ProcT: 310.5 | RPM: 1545 | Torque: 38.0 | Wear: 64
[12:40:11] Step 97  | Risk: 0.0241 | Alert: HEALTHY  | Failure: None            | Air: 300.5 | ProcT: 310.5 | RPM: 1553 | Torque: 38.0 | Wear: 64
[12:40:13] Step 98  | Risk: 0.0239 | Alert: HEALTHY  | Failure: None            | Air: 300.5 | ProcT: 310.5 | RPM: 1550 | Torque: 38.0 | Wear: 64
[12:40:14] Step 99  | Risk: 0.0269 | Alert: HEALTHY  | Failure: None            | Air: 300.6 | ProcT: 310.5 | RPM: 1547 | Torque: 38.0 | Wear: 64
[12:40:16] Step 100 | Risk: 0.0256 | Alert: HEALTHY  | Failure: None            | Air: 300.5 | ProcT: 310.5 | RPM: 1546 | Torque: 38.0 | Wear: 64
[12:40:18] Step 101 | Risk: 0.0245 | Alert: HEALTHY  | Failure: None            | Air: 300.5 | ProcT: 310.5 | RPM: 1546 | Torque: 38.0 | Wear: 65
[12:40:20] Step 102 | Risk: 0.0244 | Alert: HEALTHY  | Failure: None            | Air: 300.5 | ProcT: 310.5 | RPM: 1545 | Torque: 38.0 | Wear: 65
[12:40:21] Step 103 | Risk: 0.0293 | Alert: HEALTHY  | Failure: None            | Air: 300.5 | ProcT: 310.6 | RPM: 1550 | Torque: 38.0 | Wear: 65
